name,registry_type,registry_id,registry_court,structure,capital,capital_currency,entry_day,entry_month,entry_year,deletion,deletion_month,deletion_year,balance,address,post_code,city
Maschintec Produktions GmbH,HRB,507565,Jena,Gesellschaft mit beschränkter Haftung,4601700.0,EUR,23,01,2012,,,,False,Lindenstraße 5,99819,Krauthausen
MR Spaija GmbH,HRB,139448,Berlin (Charlottenburg),Gesellschaft mit beschränkter Haftung,25000.0,EUR,24,01,2012,,,,False,Schluchseestraße 20 B,13469,Berlin
MBS Stahlbaureparaturen GmbH & Co. KG,HRA,702971,Freiburg,Kommanditgesellschaft,,,22,08,2012,,,,False,Offostraße 8,77948,Friesenheim
bikeBox24 GmbH,HRB,43871,Mainz,Gesellschaft mit beschränkter Haftung,25000.0,EUR,15,03,2012,,,,False,Am Giener 33,55268,Nieder-Olm
Saar Industrieservice OHG,HRA,727759,Stuttgart,Offene Handelsgesellschaft,,,15,08,2012,20,09,2012,False,In der Klinge 5/1,74078,Heilbronn
Theater art and science EB UG (haftungsbeschränkt),HRB,507991,Jena,Gesellschaft mit beschränkter Haftung,500.0,EUR,04,06,2012,19,05,2015,False,Leipziger Platz 4,99085,Erfurt
MC Investment & Consulting GmbH,HRB,11380,Gelsenkirchen,Gesellschaft mit beschränkter Haftung,600000.0,EUR,26,01,2012,11,03,2015,False,Randebrockstr. 14,46236,Bottrop
City-Taxi Oberhausen GmbH,HRB,24892,Duisburg,Gesellschaft mit beschränkter Haftung,25000.0,EUR,18,10,2012,,,,False,Im Lipperfeld 10,46047,Oberhausen
WKE GmbH,HRB,121274,Hamburg,Gesellschaft mit beschränkter Haftung,50000.0,EUR,04,01,2012,,,,False,Heimhuder Straße 52,20148,Hamburg
Textilpflegetechnik Süderdeich UG (haftungsbeschränkt),HRB,9887 PI,Pinneberg,Gesellschaft mit beschränkter Haftung,100.0,EUR,26,03,2012,,,,False,Grovener Weg 4,25764,Süderdeich
Peco-Print GmbH,HRB,714289,Mannheim,Gesellschaft mit beschränkter Haftung,25000.0,EUR,04,04,2012,,,,False,Hoffenheimer Str. 5,69234,Dielheim
REC Solar Sales and Marketing GmbH,HRB,198336,München,Gesellschaft mit beschränkter Haftung,25000.0,EUR,20,04,2012,05,08,2013,False,Leopoldstraße 175,80804,München
Juwel 146. V V UG (haftungsbeschränkt),HRB,142088,Berlin (Charlottenburg),Gesellschaft mit beschränkter Haftung,500.0,EUR,24,05,2012,,,,False,Unter den Linden 21,10117,Berlin
HOLZBAU SIEMON GmbH,HRB,15653,Kassel,Gesellschaft mit beschränkter Haftung,25000.0,EUR,19,12,2011,,,,False,Forstfeldstraße 2,34123,Kassel
VCL Entertainment GmbH,HRB,200192,München,Gesellschaft mit beschränkter Haftung,25000.0,EUR,03,08,2012,14,07,2014,False,Mathias-Brüggen-Straße 85,50829,Köln
Magic Moments Entertainment Unternehmergesellschaft (haftungsbeschränkt),HRB,740522,Stuttgart,Gesellschaft mit beschränkter Haftung,1000.0,EUR,01,03,2012,,,,False,Besigheimer Straße 27,74369,Löchgau
Kögel & Nunne Bau GmbH,HRB,7810,Lemgo,Gesellschaft mit beschränkter Haftung,25000.0,EUR,27,07,2012,,,,False,Industriepark 2,32805,Horn-Bad Meinberg
ZEDA GmbH,HRB,208163,Hannover,Gesellschaft mit beschränkter Haftung,25000.0,EUR,15,02,2012,,,,False,Weinbergstraße 13,31860,Emmerthal
A & M KFZ-Meisterbetrieb Mamakis GmbH,HRB,9051,Hagen,Gesellschaft mit beschränkter Haftung,25000.0,EUR,13,03,2012,,,,False,Hagener Str. 211-215,58285,Gevelsberg
"MS ""MARSTAL"" Schifffahrtsgesellschaft mbH & Co. KG i. L.",HRA,115142,Hamburg,Kommanditgesellschaft,,,27,08,2012,20,06,2017,False,Schaarsteinwegsbrücke 2,20459,Hamburg
Al-Ghanmy Logistik GmbH,HRB,93575,Frankfurt am Main,Gesellschaft mit beschränkter Haftung,25000.0,EUR,19,04,2012,26,01,2017,False,Bellevuestraße 1,10785,Berlin
MUSIC UNLIMITED PUBLISHING GmbH & Co. KG,HRA,47175,Frankfurt am Main,Kommanditgesellschaft,,,02,11,2012,,,,False,Neuenhainer Weg 14,65719,Hofheim am Taunus
addisol GmbH,HRB,94547,Frankfurt am Main,Gesellschaft mit beschränkter Haftung,25200.0,EUR,24,08,2012,01,04,2019,False,Meisengasse 11,60313,Frankfurt am Main
Modellbau Strohmann GmbH,HRB,24494,Dortmund,Gesellschaft mit beschränkter Haftung,25000.0,EUR,09,01,2012,02,05,2014,False,Rüschenstr. 22,44328,Dortmund
HA Abwicklungs GmbH,HRB,714063,Mannheim,Gesellschaft mit beschränkter Haftung,25000.0,EUR,07,03,2012,,,,False,"c/o Schultze & Braun GmbH Rechtsanwaltsgesellschaft Wirtschaftsprüfungsgesellschaft, Paulinenstraße 41",70178,Stuttgart
Biedenkapp Grundbesitz GmbH & Co. KG,HRA,723103,Ulm,Kommanditgesellschaft,,,10,08,2012,16,04,2015,False,Pettermandstraße 24,88239,Wangen im Allgäu
HRS Verwaltungs UG (haftungsbeschränkt),HRB,11792,Straubing,Gesellschaft mit beschränkter Haftung,1000.0,EUR,22,03,2012,,,,False,Regensburger Straße 56,94315,Straubing
TUKIC Bauregie GmbH,HRB,14384 KI,Kiel,Gesellschaft mit beschränkter Haftung,25000.0,EUR,13,12,2011,,,,False,Ochsenzoller Straße 147,22848,Norderstedt
Proxima M&A Beratungsgesellschaft mbH,HRB,199086,München,Gesellschaft mit beschränkter Haftung,25000.0,EUR,01,06,2012,,,,False,Landsbergerstr. 302,80687,München
STD Transportdienstleistungen UG (haftungsbeschränkt),HRB,100186,Saarbrücken,Gesellschaft mit beschränkter Haftung,200.0,EUR,18,04,2012,20,06,2017,False,Grühlingstraße 86,66280,Sulzbach
Syberg GmbH,HRB,75482,Köln,Gesellschaft mit beschränkter Haftung,25000.0,EUR,16,05,2012,,,,False,Grünstraße 19,51063,Köln
gh Mobilfunk GmbH,HRB,27078,Augsburg,Gesellschaft mit beschränkter Haftung,25000.0,EUR,08,06,2012,,,,False,Schubertstraße 48,86368,Gersthofen
SD SERVICES EWIV,HRA,114788,Hamburg,Europäische wirtschaftliche Interessenvereinigung,25000.0,EUR,22,05,2012,03,07,2017,False,Winsener Str. 236,21077,Hamburg
IDM-Service UG (haftungsbeschränkt),HRB,100361,Saarbrücken,Gesellschaft mit beschränkter Haftung,3000.0,EUR,11,07,2012,06,12,2018,False,Enggaß 12,66564,Ottweiler
Molox GmbH,HRB,142509,Berlin (Charlottenburg),Gesellschaft mit beschränkter Haftung,25000.0,EUR,13,06,2012,,,,False,Takustraße 6,14195,Berlin
FEQHA Sportevent GmbH,HRB,15118,Mönchengladbach,Gesellschaft mit beschränkter Haftung,25000.0,EUR,14,08,2012,,,,False,Hardterbroicher Allee 23,41065,Mönchengladbach
Helios Reinigung Süd GmbH,HRB,708223,Freiburg,Gesellschaft mit beschränkter Haftung,25000.0,EUR,02,04,2012,,,,False,Heliosweg 1,79379,Müllheim
Solar Solutions Germany GmbH,HRB,11687,Gelsenkirchen,Gesellschaft mit beschränkter Haftung,25000.0,EUR,17,08,2012,11,11,2013,False,Scheuten-Solar-Str. 2,45881,Gelsenkirchen
Rantum Capital Beteiligung GmbH,HRB,95090,Frankfurt am Main,Gesellschaft mit beschränkter Haftung,25000.0,EUR,08,11,2012,,,,False,Neue Mainzer Straße 2-4,60311,Frankfurt am Main
KSP GmbH,HRB,24538,Duisburg,Gesellschaft mit beschränkter Haftung,25000.0,EUR,01,06,2012,,,,False,Im Freihafen 9,47138,Duisburg
OXOLEX Onlinehandel UG (haftungsbeschränkt),HRB,74788,Köln,Gesellschaft mit beschränkter Haftung,1.0,EUR,23,02,2012,03,09,2015,False,Mathias-Brüggen-Straße 15,50827,Köln
DIENSTLEISTUNG LATS LTD. Niederlassung Deutschland,HRB,31226,Dresden,Rechtsform ausl. Rechts HRB,,,24,05,2012,03,01,2018,False,Industriegelände Str. B Nr. 8,02977,Hoyerswerda
Kulaina Property 33 GmbH,HRB,203810,Braunschweig,Gesellschaft mit beschränkter Haftung,25000.0,EUR,18,10,2012,28,03,2019,False,An der Katharinenkirche 2,38100,Braunschweig
Pro Regenerative Energien Stuttgart Verwaltungs GmbH,HRB,743318,Stuttgart,Gesellschaft mit beschränkter Haftung,25010.0,EUR,11,12,2012,,,,False,Tübinger Straße 95,70178,Stuttgart
Die Spatzenvilla GmbH,HRB,202341,München,Gesellschaft mit beschränkter Haftung,25000.0,EUR,07,12,2012,18,07,2013,False,Tattenbachstraße 20,80538,München
HGS - Trebbower Bauprojekte GmbH,HRB,11143,Schwerin,Gesellschaft mit beschränkter Haftung,25000.0,EUR,22,03,2012,,,,False,Seestraße 73,19069,Klein Trebbow
Erste SÜDEWO GmbH & Co. KG,HRA,728071,Stuttgart,Kommanditgesellschaft,,,04,12,2012,13,07,2015,False,Katharinenstraße 20,70182,Stuttgart
RedMcK UG (haftungsbeschränkt),HRB,9530,Neuruppin,Gesellschaft mit beschränkter Haftung,5000.0,EUR,09,02,2012,15,12,2015,False,Ludolfingerweg 69,13465,Berlin
Eventpal UG (haftungsbeschränkt),HRB,145179,Berlin (Charlottenburg),Gesellschaft mit beschränkter Haftung,1000.0,EUR,16,10,2012,20,08,2015,False,Bergmannstraße 25,10961,Berlin
GK-Hausservice UG (haftungsbeschränkt),HRB,41978,Wittlich,Gesellschaft mit beschränkter Haftung,200.0,EUR,27,02,2012,29,10,2013,False,Am Mariahof 27 F,54296,Trier
trendfairs gmbh,HRB,13775,Fürth,Gesellschaft mit beschränkter Haftung,25000.0,EUR,08,11,2012,,,,False,Pfefferloh 15,90587,Obermichelbach
Lorenzo Pizza & Bar Unternehmergesellschaft (haftungsbeschränkt),HRB,24607,Wuppertal,Gesellschaft mit beschränkter Haftung,1000.0,EUR,19,11,2012,19,03,2015,False,Mühlenstr. 48,45659,Recklinghausen
SC Events & Bookings GmbH,HRB,741524,Stuttgart,Gesellschaft mit beschränkter Haftung,25000.0,EUR,13,06,2012,,,,False,Theodor-Heuss-Straße 26,70174,Stuttgart
Wanzke Zaunbau Verwaltung GmbH,HRB,8688,Passau,Gesellschaft mit beschränkter Haftung,25000.0,EUR,04,12,2012,,,,False,Hutthurmer Straße 20,94116,Hutthurm
KSG Investigative Consulting UG (haftungsbeschränkt),HRB,93010,Frankfurt am Main,Gesellschaft mit beschränkter Haftung,1000.0,EUR,03,02,2012,,,,False,Mergenthaler Allee 73 - 75,65760,Eschborn
"Der Maurermeister Ltd., Zweigniederlassung Deutschland",HRB,203963,Lüneburg,Rechtsform ausl. Rechts HRB,1.0,EUR,12,09,2012,,,,False,Breite Horst 2a,29336,Nienhagen
LPH Nordelbe Dienstleistung GmbH,HRB,121667,Hamburg,Gesellschaft mit beschränkter Haftung,25000.0,EUR,30,01,2012,23,07,2013,False,Beim Strohhause 31,20097,Hamburg
SLP Consulting GmbH,HRB,202813,Hildesheim,Gesellschaft mit beschränkter Haftung,25000.0,EUR,16,01,2012,,,,False,Peter-Heinrich-Straße 5,31171,Nordstemmen
Safeboss GmbH,HRB,708858,Freiburg,Gesellschaft mit beschränkter Haftung,25000.0,EUR,03,09,2012,,,,False,Todtmooser Straße 43,79664,Wehr
Site Check UG (haftungsbeschränkt),HRB,14244,Frankfurt/Oder,Gesellschaft mit beschränkter Haftung,2500.0,EUR,17,10,2012,23,11,2016,False,Bahnhofstraße 18,15344,Strausberg
Partsters GmbH,HRB,8327,Königstein,Gesellschaft mit beschränkter Haftung,25000.0,EUR,21,11,2012,,,,False,Alleestraße 2-4,65812,Bad Soden am Taunus
Die Schatzinsel - Schmuckhandel GmbH,HRB,6495,Schweinfurt,Gesellschaft mit beschränkter Haftung,50000.0,DEM,02,11,2012,,,,False,Roßmarkt 3,97421,Schweinfurt
CIC Energy Service GmbH,HRB,13371,Regensburg,Gesellschaft mit beschränkter Haftung,25000.0,EUR,12,11,2012,,,,False,Yorckstr. 20,93049,Regensburg
Gutachter- und Praxismanagement UG (haftungsbeschränkt),HRB,507748,Jena,Gesellschaft mit beschränkter Haftung,1000.0,EUR,12,03,2012,,,,False,Eichenweg 8,07407,Uhlstädt-Kirchhasel OT Catharinau
total10 management UG (haftungsbeschränkt),HRB,120059,Hamburg,Gesellschaft mit beschränkter Haftung,1000.0,EUR,06,10,2011,30,08,2017,False,Gänsemarkt 43,20354,Hamburg
Dellert&Dellert GmbH,HRB,201906,München,Gesellschaft mit beschränkter Haftung,25000.0,EUR,15,11,2012,,,,False,Allinger Str. 81,82223,Eichenau
RS International GmbH,HRB,204078,Lüneburg,Gesellschaft mit beschränkter Haftung,25000.0,EUR,27,11,2012,,,,False,Am Bleckwerk 5,21354,Bleckede
leanomedia Informationslogistik GmbH,HRB,6427,Düren,Gesellschaft mit beschränkter Haftung,25000.0,EUR,15,10,2012,,,,False,Poststraße 7,52379,Langerwehe
Jacobi E.K.,HRA,115071,Hamburg,Einzelkaufmann,,,07,08,2012,13,06,2016,False,Bellevue 4,22301,Hamburg
SATEC Fertigungstechnik KG,HRA,703070,Freiburg,Kommanditgesellschaft,,,19,11,2012,,,,False,Heinrich-Hertz-Straße 22,78052,Villingen-Schwenningen
SSPL Tiger Vermögens- und Beteiligungs-GmbH,HRB,24440,Duisburg,Gesellschaft mit beschränkter Haftung,25200.0,EUR,18,04,2012,,,,False,Schemelsbruch 29,45478,Mülheim an der Ruhr
RNS Sörensen Assekuranzkontor GmbH & Co. KG,HRA,7736 FL,Flensburg,Kommanditgesellschaft,,,02,07,2012,,,,False,Königstraße 33,24837,Schleswig
Dr. Thorsten Bosch Gamma Aktiengesellschaft,HRB,26922,Augsburg,Aktiengesellschaft,50000.0,EUR,22,03,2012,14,08,2013,False,Am Eichet 3,86938,Schondorf am Ammersee
TU Gebäudereinigung UG (haftungsbeschränkt),HRB,28543,Nürnberg,Gesellschaft mit beschränkter Haftung,1000.0,EUR,23,04,2012,,,,False,Alexanderstr. 15,90459,Nürnberg
D + E UG (haftungsbeschränkt),HRB,206072,Osnabrück,Gesellschaft mit beschränkter Haftung,1.0,EUR,22,02,2012,24,05,2017,False,Charlottenburger Ring 27,49186,Bad Iburg
ecosteps GmbH & Co. KG,HRA,8041,Bonn,Kommanditgesellschaft,,,19,10,2012,,,,False,Kastanienweg 1,53894,Mechernich
Code 911 fashion GmbH,HRB,9221,Cottbus,Gesellschaft mit beschränkter Haftung,25000.0,EUR,01,06,2012,06,01,2016,False,Paracelsusstraße 7,93083,Obertraubling
juwi Wind Germany 84 GmbH & Co. KG,HRA,41634,Mainz,Kommanditgesellschaft,,,27,04,2012,10,01,2014,False,Energie-Allee 1,55286,Wörrstadt
IFE Windpark Kündelmoor Invest GmbH,HRB,206855,Oldenburg (Oldenburg),Gesellschaft mit beschränkter Haftung,25000.0,EUR,14,06,2012,03,09,2015,False,Rosenstraße 41,26122,Oldenburg
WEA Dedenbach GmbH & Co. KG,HRA,727560,Stuttgart,Kommanditgesellschaft,,,06,06,2012,,,,False,Johannes-Majer-Straße 5,72141,Walddorfhäslach
Gemmeke Mast KG,HRA,6341,Paderborn,Kommanditgesellschaft,,,11,10,2012,,,,False,Münsterbrock 57,37696,Marienmünster
DSG Deutsche Sachwerte und Grundbesitz GmbH & Co. KG,HRA,7206 HL,Lübeck,Kommanditgesellschaft,,,08,11,2012,,,,False,Viktoria-Luise-Platz 7,10777,Berlin
Best in Food GmbH,HRB,707898,Freiburg,Gesellschaft mit beschränkter Haftung,25000.0,EUR,09,01,2012,03,07,2013,False,Kleiner Esch 13,27777,Ganderkesee
Seiler Verwaltungs GmbH,HRB,100085,Saarbrücken,Gesellschaft mit beschränkter Haftung,25000.0,EUR,17,02,2012,,,,False,In den Rohrwiesen 8,66424,Homburg
LaPro Landwirtschftliche Produkte UG (haftungsbeschränkt),HRB,31159,Landau,Gesellschaft mit beschränkter Haftung,100.0,EUR,29,06,2012,18,02,2019,False,Goethestraße 18,76751,Jockgrim
Ventcon GmbH,HRB,6496,Schweinfurt,Gesellschaft mit beschränkter Haftung,25000.0,EUR,02,11,2012,,,,False,Am Strauch 4,97786,Kothen
KAIYÜ Immobilien GmbH,HRB,145579,Berlin (Charlottenburg),Gesellschaft mit beschränkter Haftung,100000.0,EUR,01,11,2012,21,11,2014,False,Friedrich-Ebert-Straße 67,14469,Potsdam
Alexander Schlegel UG (haftungsbeschränkt),HRB,10694,Paderborn,Gesellschaft mit beschränkter Haftung,1.0,EUR,22,06,2012,,,,False,Overhagener Weg 40,59597,Erwitte
HEMA Vermögensverwaltungsgesellschaft mbH,HRB,12281,Aschaffenburg,Gesellschaft mit beschränkter Haftung,103000.0,EUR,13,12,2012,,,,False,Röllbacher Straße 16,63911,Klingenberg
G.L.P. Fam-GmbH,HRB,14123,Coesfeld,Gesellschaft mit beschränkter Haftung,25000.0,EUR,12,10,2012,,,,False,Madame-Curie-Straße 18,46397,Bocholt
Jade 1362. GmbH & Co. Elfte Verwaltungs KG,HRA,46172,Berlin (Charlottenburg),Kommanditgesellschaft,,,30,12,2011,24,11,2017,False,Unter den Linden 21,10117,Berlin
MiTec Projektmanagement und Technic GmbH,HRB,27486,Chemnitz,Gesellschaft mit beschränkter Haftung,25000.0,EUR,12,07,2012,,,,False,Herschelstraße 27,08060,Zwickau
Agrarservice Heller GmbH & Co. KG,HRA,9294,Schweinfurt,Kommanditgesellschaft,,,29,12,2011,,,,False,Lindleshof 1,97633,Sulzfeld
Achim Herrmann GmbH,HRB,743263,Stuttgart,Gesellschaft mit beschränkter Haftung,25000.0,EUR,06,12,2012,,,,False,Dörzbacher Straße 12/1,74238,Krautheim
mdp GmbH & Co. WP Berne KG,HRA,203366,Oldenburg (Oldenburg),Kommanditgesellschaft,,,21,08,2012,06,03,2015,False,Am Wendehafen 3,26135,Oldenburg
BEB Verwaltungs GmbH,HRB,201319,München,Gesellschaft mit beschränkter Haftung,25000.0,EUR,12,10,2012,,,,False,Schlierachstraße 9,81479,München
Nemelka Verwaltungs GmbH,HRB,6503,Ingolstadt,Gesellschaft mit beschränkter Haftung,25000.0,EUR,21,11,2012,,,,False,Clara-Staiger-Straße 86,85072,Eichstätt
Cooliance GmbH,HRB,714158,Mannheim,Gesellschaft mit beschränkter Haftung,50000.0,EUR,20,03,2012,,,,False,Pforzheimer Straße 128 b,76275,Ettlingen
Beauty Trading GmbH,HRB,12960,Regensburg,Gesellschaft mit beschränkter Haftung,25000.0,EUR,26,01,2012,,,,False,Ladehofstr. 28,93049,Regensburg
Fahrschule Markus Pfeil GmbH,HRB,141833,Berlin (Charlottenburg),Gesellschaft mit beschränkter Haftung,25000.0,EUR,01,10,2009,,,,False,Kellereistraße 1,74722,Buchen
PSPSYSTEM GmbH,HRB,12140,Aschaffenburg,Gesellschaft mit beschränkter Haftung,25000.0,EUR,03,08,2012,22,07,2016,False,Roßmarkt 1,63739,Aschaffenburg
Smartline Cargo Services GmbH,HRB,90855,Darmstadt,Gesellschaft mit beschränkter Haftung,25000.0,EUR,28,02,2012,27,03,2018,False,Langer Kornweg 34 D,65451,Kelsterbach
AS DER FRISEUR UG (haftungsbeschränkt),HRB,4016,Weiden i. d. OPf.,Gesellschaft mit beschränkter Haftung,1000.0,EUR,03,04,2012,11,04,2016,False,Schulgasse 10,92637,Weiden
JÖST Solutions GmbH,HRB,13858,Coesfeld,Gesellschaft mit beschränkter Haftung,222000.0,EUR,09,05,2012,,,,False,Gewerbestraße 28-32,48249,Dülmen
ZBI Regiofonds Wohnen GF GmbH,HRB,13663,Fürth,Gesellschaft mit beschränkter Haftung,25000.0,EUR,09,08,2012,,,,False,Henkestraße 10,91054,Erlangen
UDI Solarpark Jürgenshagen GmbH & Co. KG,HRA,16420,Nürnberg,Kommanditgesellschaft,,,06,12,2012,,,,False,Metzgerfeld 8,90602,Pyrbaum
Milosch Bauingenieurgesellschaft m.b.H,HRB,143024,Berlin (Charlottenburg),Gesellschaft mit beschränkter Haftung,25000.0,EUR,09,07,2012,,,,False,Werlseestraße 50,12587,Berlin
MECON Real Estate GmbH,HRB,26207,Wiesbaden,Gesellschaft mit beschränkter Haftung,25000.0,EUR,20,02,2012,17,07,2018,False,Fliederstraße 11,32105,Bad Salzuflen
Oleum d'Or UG (haftungsbeschränkt),HRB,714936,Mannheim,Gesellschaft mit beschränkter Haftung,1.0,EUR,12,07,2012,24,10,2016,False,Lameystraße 7,68165,Mannheim
Sanco GmbH,HRB,94618,Frankfurt am Main,Gesellschaft mit beschränkter Haftung,25000.0,EUR,03,09,2012,,,,False,Wickerer Weg 21,65719,Hofheim am Taunus
online factory GmbH,HRB,200134,München,Gesellschaft mit beschränkter Haftung,25000.0,EUR,01,08,2012,,,,False,Karlstr. 104,80335,München
marxbeck GmbH,HRB,121980,Hamburg,Gesellschaft mit beschränkter Haftung,25000.0,EUR,20,02,2012,,,,False,Palmaille 102,22767,Hamburg
Morina Bau UG (haftungsbeschränkt),HRB,24427,Wuppertal,Gesellschaft mit beschränkter Haftung,1000.0,EUR,13,08,2012,,,,False,Beethovenstraße 116 c,42655,Solingen
Dr. K. Wimmer UG (haftungsbeschränkt) & Co. Sonnenenergie KG,HRA,10608,Landshut,Kommanditgesellschaft,,,02,10,2012,16,02,2018,False,Simonsöder Allee 37,84307,Eggenfelden
BECO Werbegesellschaft mit beschränkter Haftung,HRB,202176,Aurich,Gesellschaft mit beschränkter Haftung,500000.0,DEM,01,03,2012,,,,False,Stellmacher Straße 14,26506,Norden
Karle Zeitarbeit GmbH,HRB,27158,Augsburg,Gesellschaft mit beschränkter Haftung,25000.0,EUR,19,07,2012,16,12,2016,False,Rechbergstraße 3,89518,Heidenheim an der Brenz
Özkalayci GmbH,HRB,5015,Amberg,Gesellschaft mit beschränkter Haftung,25000.0,EUR,07,05,2012,,,,False,Falkenauer Str. 59,92421,Schwandorf
5zwerge GmbH,HRB,743082,Stuttgart,Gesellschaft mit beschränkter Haftung,25000.0,EUR,20,11,2012,,,,False,Königstraße 10 c,70173,Stuttgart
Maximilian Projektentwicklung GmbH,HRB,28818,Nürnberg,Gesellschaft mit beschränkter Haftung,30000.0,EUR,31,07,2012,,,,False,Neutorgasse 1 a,92237,Sulzbach-Rosenberg
Bowling Factory UG (haftungsbeschränkt),HRB,197797,München,Gesellschaft mit beschränkter Haftung,500.0,EUR,22,03,2012,,,,False,Berner Straße 102,81476,München
EuroVal GmbH & Co. Erste Beteiligungs KG,HRA,99414,München,Kommanditgesellschaft,,,06,08,2012,,,,False,Nockherstr. 2,81541,München
Omnicon Limited,HRB,11379,Kleve,Rechtsform ausl. Rechts HRB,,,14,02,2012,,,,False,Dassendahler Weg 58,47665,Sonsbeck
fupal Servicegesellschaft mbH,HRB,713615,Mannheim,Gesellschaft mit beschränkter Haftung,25000.0,EUR,13,01,2012,08,02,2013,False,Waldstr. 4,69207,Sandhausen
HORICON Invest GmbH & Co. KG,HRA,46384,Berlin (Charlottenburg),Kommanditgesellschaft,,,15,02,2012,,,,False,Kurfürstendamm 187,10707,Berlin
My - SkyConcept GmbH & Co. Kommanditgesellschaft,HRA,7098,Coesfeld,Kommanditgesellschaft,,,08,03,2012,,,,False,Moorweg 12,46419,Isselburg
Delta-L Immobilien GmbH,HRB,27501,Chemnitz,Gesellschaft mit beschränkter Haftung,25000.0,EUR,18,07,2012,,,,False,Annaberger Straße 437,09125,Chemnitz
IFN package tour operating GmbH,HRB,11952,Siegburg,Gesellschaft mit beschränkter Haftung,25000.0,EUR,23,03,2012,,,,False,Im Fürfeld 13,53773,Hennef
PC Gärtner GmbH,HRB,201285,München,Gesellschaft mit beschränkter Haftung,25000.0,EUR,11,10,2012,,,,False,Meilendorf 21,85405,Nandlstadt
Depping GmbH,HRB,200809,Stadthagen,Gesellschaft mit beschränkter Haftung,25600.0,EUR,08,06,2012,13,12,2018,False,Rintelner Straße 4,31737,Rinteln
Pauken & Trompeten UG (haftungsbeschränkt),HRB,13583,Münster,Gesellschaft mit beschränkter Haftung,2000.0,EUR,30,12,2011,,,,False,Alter Steinweg 37,48143,Münster
Beau Jour UG (haftungsbeschränkt),HRB,10827,Paderborn,Gesellschaft mit beschränkter Haftung,1.0,EUR,17,10,2012,23,04,2015,False,Jahnstr. 46,59590,Geseke
OL Immobilienservice GmbH,HRB,12125,Rostock,Gesellschaft mit beschränkter Haftung,25000.0,EUR,25,01,2012,08,09,2015,False,Stormstorfer Straße 15,18190,Reppelin
123 Internetkauf UG (haftungsbeschränkt),HRB,14056,Coesfeld,Gesellschaft mit beschränkter Haftung,8000.0,EUR,05,09,2012,,,,False,Zur Dornaue 2,48727,Billerbeck
H.O.G.H. UG (haftungsbeschränkt) & Co. KG,HRA,6326,Steinfurt,Kommanditgesellschaft,,,04,05,2012,,,,False,Düppelstraße 19,48429,Rheine
MJC Immobilien GmbH,HRB,77303,Köln,Gesellschaft mit beschränkter Haftung,60000.0,EUR,20,12,2012,,,,False,Willi-Messerschmitt-Straße 8,50126,Bergheim
RMH Beteiligungs-GmbH,HRB,9476,Steinfurt,Gesellschaft mit beschränkter Haftung,25000.0,EUR,29,12,2011,,,,False,Overbergstr. 24,49477,Ibbenbüren
Deutrans UG (haftungsbeschränkt),HRB,76963,Köln,Gesellschaft mit beschränkter Haftung,100.0,EUR,16,11,2012,,,,False,Im Klapperhof 7-23,50670,Köln
Emil Schmid Verwaltungs-GmbH,HRB,4996,Amberg,Gesellschaft mit beschränkter Haftung,27000.0,EUR,30,03,2012,,,,False,Rosenberger Straße 57,92237,Sulzbach-Rosenberg
Plantagen Express GmbH,HRB,709053,Freiburg,Gesellschaft mit beschränkter Haftung,25000.0,EUR,25,10,2012,,,,False,Industriehof 4,77933,Lahr
SISA Vertriebs- und Handelsgesellschaft mbH,HRB,24619,Duisburg,Gesellschaft mit beschränkter Haftung,25000.0,EUR,06,07,2012,25,02,2015,False,Scharpenberg 8,45468,Mülheim an der Ruhr
SBI Schrader Beteiligungs- und Investitions UG (haftungsbeschränkt),HRB,203426,Braunschweig,Gesellschaft mit beschränkter Haftung,1000.0,EUR,14,02,2012,,,,False,Hannoversche Straße 18,38448,Wolfsburg
Roofing & Dach GmbH,HRB,25576,Potsdam,Gesellschaft mit beschränkter Haftung,25000.0,EUR,03,09,2012,,,,False,Kranepuhler Weg 1,14827,Wiesenburg/Mark OT Grubo
Cargoscreener UG (haftungsbeschränkt),HRB,201314,München,Gesellschaft mit beschränkter Haftung,500.0,EUR,12,10,2012,28,02,2018,False,Sindorf 26,84072,Au i.d.Hallertau
Massivbau Peters GmbH,HRB,16628,Neuss,Gesellschaft mit beschränkter Haftung,25000.0,EUR,26,04,2012,,,,False,Henschelstr. 1,41540,Dormagen
Reuss Verwaltungs GmbH,HRB,7502,Friedberg,Gesellschaft mit beschränkter Haftung,25000.0,EUR,22,08,2012,,,,False,Westring 44,63691,Ranstadt
Möller Consultants UG (haftungsbeschränkt),HRB,208898,Hannover,Gesellschaft mit beschränkter Haftung,5000.0,EUR,28,08,2012,,,,False,Steller Straße 20,30916,Isernhagen
Slamdunk Capital GmbH,HRB,145755,Berlin (Charlottenburg),Gesellschaft mit beschränkter Haftung,25000.0,EUR,08,11,2012,,,,False,Mariannenplatz 21F,10997,Berlin
ASSETUM 2 GmbH,HRB,7457,Friedberg,Gesellschaft mit beschränkter Haftung,25000.0,EUR,18,05,2012,06,07,2017,False,Ernst-Ludwig-Ring 65,61231,Bad Nauheim
VSB GmbH,HRB,9201,Cottbus,Gesellschaft mit beschränkter Haftung,25000.0,EUR,24,04,2012,,,,False,Max-Baer-Straße 43,01979,Lauchhammer
RWG Rheinische Windkraftanlagen Gülden I GmbH & Co KG,HRA,3231,Düren,Kommanditgesellschaft,,,31,05,2012,,,,False,Kölnstr. 44,52382,Niederzier
BYmobi GmbH,HRB,7362,Hamm,Gesellschaft mit beschränkter Haftung,25000.0,EUR,30,12,2011,,,,False,Zollpost 15,59174,Kamen
Blaise Verwaltungs UG (haftungsbeschränkt),HRB,19275,Bonn,Gesellschaft mit beschränkter Haftung,1500.0,EUR,28,03,2012,,,,False,Wiesenau 1,53343,Wachtberg
Holzbau Helldörfer GmbH,HRB,4983,Amberg,Gesellschaft mit beschränkter Haftung,25000.0,EUR,13,03,2012,,,,False,Zum Hochweg 1,92263,"Ebermannsdorf, OT Pittersberg"
Y B B S GmbH,HRB,23068,Koblenz,Gesellschaft mit beschränkter Haftung,25000.0,EUR,30,03,2012,,,,False,Landskroner Straße 52,53474,Bad Neuenahr-Ahrweiler
J. Penny Transport UG (haftungsbeschränkt),HRB,94285,Frankfurt am Main,Gesellschaft mit beschränkter Haftung,100.0,EUR,20,07,2012,19,03,2015,False,Starkenburgerstraße 49a,60386,Frankfurt am Main
PV NordStrom Eggebek I GmbH & Co. KG,HRA,7619 FL,Flensburg,Kommanditgesellschaft,,,09,05,2011,27,07,2018,False,Schweriner Str. 85,18273,Güstrow
Veranstaltungsmonteure GmbH,HRB,28017,Leipzig,Gesellschaft mit beschränkter Haftung,25000.0,EUR,28,02,2012,,,,False,Eilenburger Straße 20,04425,Taucha
Bau Paradies Fellbach Gesellschaft für Hoch- und Tiefbau mbH,HRB,742155,Stuttgart,Gesellschaft mit beschränkter Haftung,25500.0,EUR,15,08,2012,,,,False,Schorndorfer Straße 17,70736,Fellbach
Brand-u-up GmbH,HRB,121962,Hamburg,Gesellschaft mit beschränkter Haftung,25000.0,EUR,20,02,2012,19,11,2019,False,Burchardstraße 10,20095,Hamburg
1A Relations GmbH,HRB,727531,Ulm,Gesellschaft mit beschränkter Haftung,25000.0,EUR,08,02,2012,03,12,2019,False,Martinstraße 52,73061,Ebersbach an der Fils
NMS Niederlausitzer Metall- und Stahlbau GmbH,HRB,9131,Cottbus,Gesellschaft mit beschränkter Haftung,25000.0,EUR,24,01,2012,,,,False,Dissenchener Str. 50,03042,Cottbus
Younit Immobilien AG,HRB,26863,Augsburg,Aktiengesellschaft,50000.0,EUR,29,02,2012,,,,False,Schulstraße 23,86415,Mering
Gut Sennickerode Grundstücks GmbH & Co. KG,HRA,200818,Göttingen,Kommanditgesellschaft,,,12,11,2012,,,,False,Sennickerode 1,37130,Gleichen
Schwarzwald-live Erlebnis GmbH,HRB,707996,Freiburg,Gesellschaft mit beschränkter Haftung,25000.0,EUR,01,02,2012,,,,False,Im Brühl 25,79254,Oberried
Coroneo Lifestyle UG (haftungsbeschränkt),HRB,68604,Düsseldorf,Gesellschaft mit beschränkter Haftung,300.0,EUR,04,09,2012,08,05,2018,False,Münsterstr. 110,40476,Düsseldorf
Gumkiller UG (haftungsbeschränkt),HRB,206758,Osnabrück,Gesellschaft mit beschränkter Haftung,1000.0,EUR,09,11,2012,22,11,2018,False,Otto-Lilienthal-Str. 10,49134,Wallenhorst
HammerHart UG (haftungsbeschränkt),HRB,22372,Traunstein,Gesellschaft mit beschränkter Haftung,1500.0,EUR,21,12,2012,,,,False,Forellenweg 4,83224,Grassau
inter-s beteiligungsgesellschaft UG (haftungsbeschränkt),HRB,196640,München,Gesellschaft mit beschränkter Haftung,1000.0,EUR,24,01,2012,04,04,2012,False,"Am Friedrichshain 35, c/o Kohl, Michael",10407,Berlin
Immobilienservice Paulin UG (haftungsbeschränkt),HRB,13740,Bochum,Gesellschaft mit beschränkter Haftung,500.0,EUR,10,01,2012,,,,False,Harpener Hellweg 104,44805,Bochum
avoni Unternehmergesellschaft (haftungsbeschränkt),HRB,69073,Düsseldorf,Gesellschaft mit beschränkter Haftung,1.0,EUR,21,11,2012,10,11,2014,False,Benzstr. 3,40880,Ratingen
Energie-Projektgesellschaft St. Wendeler Land mbH,HRB,100046,Saarbrücken,Gesellschaft mit beschränkter Haftung,150000.0,EUR,08,02,2012,,,,False,Werschweilerstraße 40,66606,St. Wendel
Windpark Utschenwald GmbH & Co. KG,HRA,41600,Mainz,Kommanditgesellschaft,,,13,04,2012,,,,False,Energie-Allee 1,55286,Wörrstadt
FILGRUP GmbH,HRB,7729,Lemgo,Gesellschaft mit beschränkter Haftung,25000.0,EUR,23,03,2012,13,05,2014,False,Elisabethstraße 11,32756,Detmold
Brunner Steuerberatungsgesellschaft mbH,HRB,728587,Ulm,Gesellschaft mit beschränkter Haftung,51000.0,DEM,26,11,2012,12,04,2016,False,Dollhofer Straße 31,88518,Herbertingen
HPK Technology UG (haftungsbeschränkt),HRB,74916,Köln,Gesellschaft mit beschränkter Haftung,1.0,EUR,08,03,2012,,,,False,Ginsterbusch 26,42929,Wermelskirchen
pt food & beverage GmbH,HRB,124291,Hamburg,Gesellschaft mit beschränkter Haftung,25000.0,EUR,27,08,2012,04,04,2013,False,Pfennigsbusch 23,22081,Hamburg
J. T. Marketing GmbH,HRB,67846,Düsseldorf,Gesellschaft mit beschränkter Haftung,25000.0,EUR,04,05,2012,29,02,2016,False,Königsallee 61,40215,Düsseldorf
Kromo Design UG (haftungsbeschränkt),HRB,196577,München,Gesellschaft mit beschränkter Haftung,300.0,EUR,19,01,2012,04,04,2012,False,An der Klosterbreite 12,93051,Regensburg
BESTONE Handel GmbH,HRB,27670 HB,Bremen,Gesellschaft mit beschränkter Haftung,25000.0,EUR,29,02,2012,24,01,2014,False,Am Wall 186,28195,Bremen
Schröer Schweinemast GmbH,HRB,13900,Coesfeld,Gesellschaft mit beschränkter Haftung,25000.0,EUR,05,06,2012,,,,False,Pohlschlatt 10,46325,Borken
DMC - Dentale Managed Care GmbH,HRB,202376,Aurich,Gesellschaft mit beschränkter Haftung,25000.0,EUR,26,09,2012,,,,False,Kleenfahtnjer Weg 34,26817,Rhauderfehn
Kakkar food UG (haftungsbeschränkt),HRB,77216,Köln,Gesellschaft mit beschränkter Haftung,5000.0,EUR,13,12,2012,,,,False,Köttinger Weg 33,50997,Köln
Badkult LISERA GmbH,HRB,17632,Stendal,Gesellschaft mit beschränkter Haftung,25000.0,EUR,16,01,2012,,,,False,Hansering 15,06108,Halle (Saale)
Metall-Recycling-Invest GmbH,HRB,14017,Coesfeld,Gesellschaft mit beschränkter Haftung,25000.0,EUR,13,08,2012,,,,False,Stephensonstr 14,14482,Potsdam
GEWIB GmbH & Co. KG,HRA,99864,München,Kommanditgesellschaft,,,20,11,2012,,,,False,Emil-Riedl-Weg 6,82049,Pullach i. Isartal
BOX Service UG (haftungsbeschränkt),HRB,197830,München,Gesellschaft mit beschränkter Haftung,5000.0,EUR,26,03,2012,,,,False,Brunnlohweg 3,85406,Zolling-Gerlhausen
teamwerk GmbH Unternehmens- und Gründungsberatung,HRB,14271,Frankfurt/Oder,Gesellschaft mit beschränkter Haftung,25000.0,EUR,22,09,2006,07,08,2017,False,Willhoop 7,22453,Hamburg
Modellbau Klein GmbH,HRB,93186,Frankfurt am Main,Gesellschaft mit beschränkter Haftung,25000.0,EUR,28,02,2012,,,,False,Friedberger Landstr. 136,60316,Frankfurt am Main
Dersch Fuhrpark u. Betriebsausstattungs GmbH,HRB,28611,Nürnberg,Gesellschaft mit beschränkter Haftung,25000.0,EUR,15,05,2012,,,,False,Wittekindstraße 29,90431,Nürnberg
TABO-Embedded Systems Verwaltungs GmbH,HRB,12225,Bad Homburg v.d.H.,Gesellschaft mit beschränkter Haftung,25000.0,EUR,13,02,2012,,,,False,Hasselborner Straße 12c,61279,Grävenwiesbach
Loyal-Up UG (haftungsbeschränkt),HRB,146035,Berlin (Charlottenburg),Gesellschaft mit beschränkter Haftung,4000.0,EUR,20,11,2012,05,03,2014,False,Lachen-Birken-Allee 11a,86911,Dießen am Ammersee
Shoes & Clothes by LM GmbH,HRB,14902,Mönchengladbach,Gesellschaft mit beschränkter Haftung,25000.0,EUR,21,03,2012,,,,False,Bachstraße 2,41747,Viersen
firezone GmbH,HRB,202358,München,Gesellschaft mit beschränkter Haftung,25000.0,EUR,10,12,2012,07,11,2019,False,"Plinganserstraße 150, Haus 7",81369,München
Meerwarth Energie GmbH,HRB,713898,Mannheim,Gesellschaft mit beschränkter Haftung,25000.0,EUR,14,02,2012,,,,False,Forlenhof 1,68794,Oberhausen-Rheinhausen
4trade Handelsgesellschaft mbH,HRB,741118,Stuttgart,Gesellschaft mit beschränkter Haftung,25000.0,EUR,02,05,2012,,,,False,Großsteinitz 1,72406,Bisingen
Senger Automobile GmbH,HRB,9693,Steinfurt,Gesellschaft mit beschränkter Haftung,25000.0,EUR,08,08,2012,03,09,2012,False,Oldenburger Straße 1-11,48429,Rheine
DauCoeur GmbH,HRB,146063,Berlin (Charlottenburg),Gesellschaft mit beschränkter Haftung,25000.0,EUR,21,11,2012,,,,False,Im Erpelgrund 98,13503,Berlin
BSVG Beach Services Veranstaltungsgesellschaft mbH,HRB,125726,Hamburg,Gesellschaft mit beschränkter Haftung,25000.0,EUR,20,12,2012,,,,False,Rothenbaumchaussee 1,20148,Hamburg
STM Deutschland GmbH,HRB,207157,Oldenburg (Oldenburg),Gesellschaft mit beschränkter Haftung,25000.0,EUR,12,10,2012,21,11,2014,False,Auf der Muggenburg 9,28217,Bremen
ASEO Compressors & Parts GmbH,HRB,122716,Hamburg,Gesellschaft mit beschränkter Haftung,25000.0,EUR,19,04,2012,03,02,2015,False,Laubeggengasse 11,88131,Lindau
EnergieIntelligenz GmbH,HRB,26980,Augsburg,Gesellschaft mit beschränkter Haftung,25000.0,EUR,23,04,2012,12,10,2017,False,Zollstraße  8,86637,Binswangen
Haus Boeckelt GmbH,HRB,11288,Kleve,Gesellschaft mit beschränkter Haftung,25000.0,EUR,30,12,2011,,,,False,Lessingstraße 6-8,47608,Geldern
NOIMMO Zweite Projekt GmbH & Co. KG,HRA,7909 KI,Kiel,Kommanditgesellschaft,,,30,08,2011,,,,False,Gutenbergring 53,22848,Norderstedt
Drossbach Maschinenbau GmbH,HRB,207245,Oldenburg (Oldenburg),Gesellschaft mit beschränkter Haftung,25000.0,EUR,13,11,2012,,,,False,Hansatal 2,49456,Bakum
Hoona GmbH & Co. KG,HRA,202433,Hannover,Kommanditgesellschaft,,,22,05,2012,,,,False,Breite Str. 2,30159,Hannover
Kicherer GmbH & Co. KG,HRA,47378,Berlin (Charlottenburg),Kommanditgesellschaft,,,12,10,2012,,,,False,Kaiser-Friedrich-Straße 1a,10585,Berlin
Katzenberger - Reinigungssysteme GmbH,HRB,100024,Saarbrücken,Gesellschaft mit beschränkter Haftung,25000.0,EUR,30,01,2012,20,04,2018,False,Im Saarpfalz-Park,66450,Bexbach
Foliencenter-NRW GmbH,HRB,24405,Wuppertal,Gesellschaft mit beschränkter Haftung,25000.0,EUR,30,07,2012,,,,False,Landstr. 57,42781,Haan
FLAN Vermietungs UG (haftungsbeschränkt),HRB,9384 FL,Flensburg,Gesellschaft mit beschränkter Haftung,10000.0,EUR,24,04,2012,,,,False,Waitzstraße 31 a,24937,Flensburg
feinarbyte GmbH,HRB,13578,Fürth,Gesellschaft mit beschränkter Haftung,25000.0,EUR,18,06,2012,,,,False,Dechsendorfer Str. 14,91054,Erlangen
CM sports GmbH,HRB,11650,Würzburg,Gesellschaft mit beschränkter Haftung,25000.0,EUR,06,09,2012,,,,False,Hindenburgring 11,97318,Kitzingen
Arbeitsvermittlung 24 GmbH,HRB,30988,Dresden,Gesellschaft mit beschränkter Haftung,25000.0,EUR,02,03,2012,23,04,2015,False,Mergenthaler Allee 10-12,65760,Eschborn
Traso GmbH & Co. KG,HRA,704481,Mannheim,Kommanditgesellschaft,,,31,08,2012,,,,False,Berliner Ring 42,76437,Rastatt
KCT Verwaltungs UG (haftungsbeschränkt),HRB,5001,Amberg,Gesellschaft mit beschränkter Haftung,1000.0,EUR,05,04,2012,06,10,2017,False,Gabelsbergerstr. 1,92421,Schwandorf
Glas Trend GmbH,HRB,5065,Amberg,Gesellschaft mit beschränkter Haftung,25000.0,EUR,30,07,2012,,,,False,Jakob-Oswald-Str. 18,92289,Ursensollen
aadag group GmbH,HRB,141772,Berlin (Charlottenburg),Gesellschaft mit beschränkter Haftung,25000.0,EUR,02,03,2007,29,07,2015,False,Scheffelstraße 22,,
Sommerprint GmbH,HRB,24035,Wuppertal,Gesellschaft mit beschränkter Haftung,25000.0,EUR,30,01,2012,22,10,2012,False,Schirmerstraße 80,40211,Düsseldorf
Köhler & Corinphila Holding GmbH,HRB,94305,Frankfurt am Main,Gesellschaft mit beschränkter Haftung,100000.0,EUR,24,07,2012,23,10,2014,False,Wilhelmstraße 48,65183,Wiesbaden
iMAD GmbH,HRB,74981,Köln,Gesellschaft mit beschränkter Haftung,25200.0,EUR,15,03,2012,,,,False,Hohenzollernring 5,50672,Köln
Eberhardt Tankers GmbH,HRB,124907,Hamburg,Gesellschaft mit beschränkter Haftung,25000.0,EUR,22,10,2012,,,,False,Kurze Mühren 13,20099,Hamburg
seRise UG (haftungsbeschränkt),HRB,197894,München,Gesellschaft mit beschränkter Haftung,1000.0,EUR,28,03,2012,,,,False,Hirschparkstr. 2,82031,Grünwald
Kooperative Schloss Gersdorf GmbH,HRB,27710,Chemnitz,Gesellschaft mit beschränkter Haftung,25000.0,EUR,23,10,2012,,,,False,OT Gersdorf Nr. 23,09661,Striegistal
Backinvent Verwaltungs GmbH,HRB,25185,Dortmund,Gesellschaft mit beschränkter Haftung,25000.0,EUR,24,10,2012,,,,False,Vinklöther Mark 30,44265,Dortmund
Dr. Nietiedt Ingenieurgesellschaft mbH,HRB,7850,Neubrandenburg,Gesellschaft mit beschränkter Haftung,25000.0,EUR,31,08,2012,,,,False,Am Graben 8,17094,Groß Nemerow
Verwaltungsgesellschaft für Versorgungswerke VFH GmbH,HRB,122969,Hamburg,Gesellschaft mit beschränkter Haftung,25000.0,EUR,10,05,2012,,,,False,An der Alster 34,20099,Hamburg
Officia-EDW GmbH,HRB,139387,Berlin (Charlottenburg),Gesellschaft mit beschränkter Haftung,25000.0,EUR,20,01,2012,,,,False,Kirchhofstr. 7 a,12055,Berlin
M. Becker MobiE Generatoren GmbH & Co. KG,HRA,727770,Stuttgart,Kommanditgesellschaft,,,20,08,2012,,,,False,Benzstraße 6,70839,Gerlingen
G-L Gastro GmbH,HRB,27573 HB,Bremen,Gesellschaft mit beschränkter Haftung,25000.0,EUR,17,01,2012,,,,False,Rockwinkeler Heerstraße 14,28355,Bremen
Media-Loop GmbH,HRB,91047,Darmstadt,Gesellschaft mit beschränkter Haftung,25000.0,EUR,02,05,2012,,,,False,Rheinstraße 94,64295,Darmstadt
Jonas Plöttner Verlag UG (haftungsbeschränkt),HRB,28820,Leipzig,Gesellschaft mit beschränkter Haftung,1000.0,EUR,13,11,2012,12,02,2019,False,Marbachstraße  2 a,04155,Leipzig
Maapaal GmbH,HRB,74901,Köln,Gesellschaft mit beschränkter Haftung,25000.0,EUR,06,03,2012,12,10,2016,False,Beethovenstraße 3,50226,Frechen
Hans Hubert Gier u. Marita Gier Vermögensverwaltungs GmbH & Co. KG,HRA,28966,Köln,Kommanditgesellschaft,,,24,02,2012,13,11,2012,False,Rotdornweg 2,50767,Köln
St. Leonhards Betriebe Verwaltungs GmbH,HRB,22122,Traunstein,Gesellschaft mit beschränkter Haftung,25000.0,EUR,10,08,2012,,,,False,Untereggerhausen 2,83355,Grabenstätt
Allegra Immobilien GmbH,HRB,141535,Berlin (Charlottenburg),Gesellschaft mit beschränkter Haftung,25000.0,EUR,27,04,2012,,,,False,Mainzer Straße 24,10715,Berlin
Bauunternehmung Kalac GmbH,HRB,13854,Coesfeld,Gesellschaft mit beschränkter Haftung,80000.0,EUR,08,05,2012,,,,False,Wittenkamp 3b,48683,Ahaus
Senioren-Residenz Linz GmbH Sankt Antonius,HRB,75269,Köln,Gesellschaft mit beschränkter Haftung,51200.0,EUR,19,04,2012,,,,False,Am Konvikt 6-8,53545,Linz
PBM - Private Banken Makler AG - Vermittlung von Bankdienstleistungen,HRB,201801,Göttingen,Aktiengesellschaft,50000.0,EUR,23,03,2012,30,07,2012,False,Freiberger Straße 39,01067,Dresden
AGS Auto-Glanz & Service UG (haftungsbeschränkt),HRB,24806,Dortmund,Gesellschaft mit beschränkter Haftung,100.0,EUR,02,05,2012,23,09,2015,False,Kamener Str. 34,59368,Werne
HOGA Gruppe e.K.,HRA,6996 HL,Lübeck,Einzelkaufmann,,,26,03,2012,,,,False,Neukoppel 9,21516,Schulendorf
DEV GmbH,HRB,198333,München,Gesellschaft mit beschränkter Haftung,37500.0,EUR,20,04,2012,,,,False,Mühlweg 2,82054,Sauerlach
Digital Marketing UG (haftungsbeschränkt),HRB,740609,Stuttgart,Gesellschaft mit beschränkter Haftung,300.0,EUR,12,03,2012,06,08,2015,False,Auenstraße 100,80469,München
so-na Verwaltungs UG (haftungsbeschränkt),HRB,208618,Hannover,Gesellschaft mit beschränkter Haftung,301.0,EUR,11,06,2012,,,,False,Gernsstr. 17,30659,Hannover
D. + B. Schuler Haus- und Grundbesitz GmbH & Co. KG,HRA,202215,Tostedt,Kommanditgesellschaft,,,23,05,2012,,,,False,Steinbeker Straße 24,21244,Buchholz in der Nordheide
Markus Döhre Tischlerei und Innenausbau GmbH & Co. KG,HRA,6277,Paderborn,Kommanditgesellschaft,,,16,05,2012,,,,False,Emmerstraße 3,32839,Steinheim
Rose Bauprojektierungsverwaltungs GmbH,HRB,27281,Chemnitz,Gesellschaft mit beschränkter Haftung,25600.0,EUR,27,03,2012,05,03,2015,False,Horst-Menzel-Straße 6,09112,Chemnitz
visionb Kunstservice UG (haftungsbeschränkt),HRB,141841,Berlin (Charlottenburg),Gesellschaft mit beschränkter Haftung,100.0,EUR,14,05,2012,,,,False,Eschengraben 10 b,13189,Berlin
Heisse Scheiben UG (haftungsbeschränkt),HRB,145553,Berlin (Charlottenburg),Gesellschaft mit beschränkter Haftung,4000.0,EUR,30,10,2012,,,,False,Ohlauer Straße 44,10999,Berlin
yeb GmbH,HRB,27612,Chemnitz,Gesellschaft mit beschränkter Haftung,25000.0,EUR,05,09,2012,,,,False,Poststraße 29,08485,Lengenfeld
Energiepark Scheinfeld GmbH & Co. KG,HRA,9876,Fürth,Kommanditgesellschaft,,,08,06,2012,,,,False,Oberlaimbach 10,91443,Scheinfeld
LAVASTO GmbH,HRB,5374,Ansbach,Gesellschaft mit beschränkter Haftung,25200.0,EUR,20,01,2012,,,,False,Elisabeth-Herold-Straße 6,91792,Ellingen
Street Tree Beteiligungsgesellschaft mbH,HRB,76083,Köln,Gesellschaft mit beschränkter Haftung,1000000.0,EUR,30,07,2012,,,,False,Kaiser-Wilhelm-Ring 27-29 (5. Stock),50672,Köln
K&B Sportsbar UG (haftungsbeschränkt),HRB,145487,Berlin (Charlottenburg),Gesellschaft mit beschränkter Haftung,300.0,EUR,29,10,2012,26,03,2013,False,Prenzlauer Allee 185,10405,Berlin
greygreen gmbh,HRB,28309,Nürnberg,Gesellschaft mit beschränkter Haftung,25000.0,EUR,13,02,2012,23,03,2015,False,Matthias-Gesner-Str. 30,91154,Roth
CS Unternehmens- und Immobilienberatungs GmbH,HRB,199178,München,Gesellschaft mit beschränkter Haftung,25000.0,EUR,08,06,2012,24,07,2012,False,Wernerstraße 94,71636,Ludwigsburg
LASCHORI GmbH,HRB,123833,Hamburg,Gesellschaft mit beschränkter Haftung,50000.0,EUR,20,07,2012,24,08,2017,False,Hovestraße 72,20539,Hamburg
Freunde des Silbersacks Verwaltungs GmbH,HRB,123772,Hamburg,Gesellschaft mit beschränkter Haftung,25000.0,EUR,13,07,2012,,,,False,Dornbusch 4,20095,Hamburg
W. Kervansarayi Restaurant GmbH,HRB,11417,Kleve,Gesellschaft mit beschränkter Haftung,25000.0,EUR,09,03,2012,31,10,2012,False,Wember Straße 115,47623,Kevelaer
Siller Holding GmbH,HRB,741988,Stuttgart,Gesellschaft mit beschränkter Haftung,80000.0,EUR,30,07,2012,,,,False,Goldschmiedstraße 11,74232,Abstatt
24. DT-Verwaltungs GmbH,HRB,141209,Berlin (Charlottenburg),Gesellschaft mit beschränkter Haftung,25000.0,EUR,11,04,2012,16,01,2013,False,Nelly-Sachs-Straße 34,73760,Ostfildern
Natus Betriebsgrundstücksverwaltungs- GmbH,HRB,42107,Wittlich,Gesellschaft mit beschränkter Haftung,25000.0,EUR,10,07,2012,,,,False,Loebstraße 12,54292,Trier
TEK GmbH,HRB,23995,Essen,Gesellschaft mit beschränkter Haftung,25000.0,EUR,10,07,2012,18,05,2015,False,Rinderbacher Gasse 27,73525,Schwäbisch Gmünd
HIKO'S Logistik Service GmbH & Co. KG,HRA,201202,Braunschweig,Kommanditgesellschaft,,,13,04,2012,10,07,2013,False,Bahnhofstr. 8,30159,Hannover
Cappel + Reinecke Architekten GmbH,HRB,203472,Tostedt,Gesellschaft mit beschränkter Haftung,25000.0,EUR,03,07,2012,,,,False,Poststraße 27,21709,Himmelpforten
WP-Objektbau GmbH & Co. KG,HRA,727568,Stuttgart,Kommanditgesellschaft,,,08,06,2012,,,,False,Neckartenzlinger Straße 54,72658,Bempflingen
SSC Simon Schmitt Consulting GmbH,HRB,5160,Coburg,Gesellschaft mit beschränkter Haftung,25000.0,EUR,23,05,2012,,,,False,Siedlerstr. 24,96237,Ebersdorf b.Coburg
Rohde Media UG (haftungsbeschränkt),HRB,31700,Dresden,Gesellschaft mit beschränkter Haftung,300.0,EUR,13,11,2012,28,03,2019,False,Kiefernstr. 1/HH,01445,Radebeul
ThoRen Immobilien UG (haftungsbeschränkt),HRB,9636,Neuruppin,Gesellschaft mit beschränkter Haftung,1800.0,EUR,15,06,2012,,,,False,Bergstraße 14,16727,Velten
Printerwelt GmbH & Co. KG,HRA,41769,Mainz,Kommanditgesellschaft,,,08,11,2012,,,,False,Wernher-von-Braun-Straße 7,55129,Mainz
Immersive Media GmbH,HRB,202623,München,Gesellschaft mit beschränkter Haftung,25000.0,EUR,21,12,2012,,,,False,"Preysingstraße 3, c/o Dr. Popp, Peter",81667,München
Neunte JP GmbH,HRB,122523,Hamburg,Gesellschaft mit beschränkter Haftung,25000.0,EUR,02,04,2012,20,12,2012,False,Alstertor 9,20095,Hamburg
ZWEI G Handelsgesellschaft mbH,HRB,11452,Kleve,Gesellschaft mit beschränkter Haftung,25000.0,EUR,26,03,2012,10,06,2013,False,Edith-Stein-Straße 16,46509,Xanten
VPIphotonics GmbH,HRB,146499,Berlin (Charlottenburg),Gesellschaft mit beschränkter Haftung,25000.0,EUR,10,12,2012,,,,False,Carnotstraße 6,10587,Berlin
Hartmut Rißmann Verwaltungs-GmbH,HRB,203722,Lüneburg,Gesellschaft mit beschränkter Haftung,25000.0,EUR,02,04,2012,,,,False,Danziger Str. 7,29320,Hermannsburg
SH-Agrar-Verwaltungs GmbH,HRB,13102,Bad Oeynhausen,Gesellschaft mit beschränkter Haftung,25000.0,EUR,10,07,2012,,,,False,Saaks Busch 29,32545,Bad Oeynhausen
NeiFin GmbH,HRB,23051,Montabaur,Gesellschaft mit beschränkter Haftung,25000.0,EUR,17,04,2012,16,10,2013,False,Am Schalstein 2,65624,Altendiez
ANIKA TRANS GmbH,HRB,203464,Tostedt,Gesellschaft mit beschränkter Haftung,25000.0,EUR,27,06,2012,,,,False,Alter Postweg 41,21614,Buxtehude
Medienland Management GmbH,HRB,13977 KI,Kiel,Gesellschaft mit beschränkter Haftung,25000.0,EUR,24,05,2012,,,,False,Einsteinstr. 1,24118,Kiel
Perspekto Coaching GmbH,HRB,9987 PI,Pinneberg,Gesellschaft mit beschränkter Haftung,25000.0,EUR,16,05,2012,,,,False,Koppeldamm 12,25335,Elmshorn
Arcobaleno GmbH,HRB,67535,Düsseldorf,Gesellschaft mit beschränkter Haftung,25000.0,EUR,13,03,2012,27,12,2018,False,"c/o Eiscafé Palatini, Pavlo & Stefano GmbH, Schadowstr. 11 (Schadow Arkaden)",40212,Düsseldorf
IC Fonds & Co. Gewerbeobjekte Ost-West KG,HRA,99542,München,Kommanditgesellschaft,,,03,09,2012,,,,False,Nockherstr. 2,81541,München
WGM Kommanditgesellschaft,HRA,21013,Koblenz,Kommanditgesellschaft,,,25,01,2012,,,,False,Zum Kehr 1,56826,Lutzerath
Alvarez Transport GmbH,HRB,12183,Siegburg,Gesellschaft mit beschränkter Haftung,25000.0,EUR,16,10,2012,,,,False,Kapellenweg 26,51580,Reichshof
MoveYou UG (haftungsbeschränkt),HRB,24559,Wuppertal,Gesellschaft mit beschränkter Haftung,500.0,EUR,26,10,2012,,,,False,Gutenbergstr. 32,42117,Wuppertal
Rehard Technologies Medical GmbH,HRB,140235,Berlin (Charlottenburg),Gesellschaft mit beschränkter Haftung,25000.0,EUR,27,02,2012,13,02,2017,False,Potsdamer Straße 92,10785,Berlin
Triangel PersonalPartner GmbH,HRB,713914,Mannheim,Gesellschaft mit beschränkter Haftung,25000.0,EUR,16,02,2012,,,,False,Caspar-Merian-Straße 32,97877,Wertheim
OKI Bau GmbH,HRB,21493,Bad Kreuznach,Gesellschaft mit beschränkter Haftung,25000.0,EUR,07,11,2012,,,,False,Ranzengasse 4,55596,Waldböckelheim
FZM Frischezentrum Mavratzotis GmbH,HRB,14146,Coesfeld,Gesellschaft mit beschränkter Haftung,25000.0,EUR,25,10,2012,,,,False,Rohrkamp 40,59348,Lüdinghausen
Rubin Reisen und Vertriebs GmbH,HRB,145549,Berlin (Charlottenburg),Gesellschaft mit beschränkter Haftung,25000.0,EUR,30,10,2012,15,09,2017,False,Bredtschneiderstraße 13,14057,Berlin
KvD Rheinberg Immobilien GmbH,HRB,143681,Berlin (Charlottenburg),Gesellschaft mit beschränkter Haftung,25000.0,EUR,08,08,2012,,,,False,Mauerstraße 22,10117,Berlin
ACI Systems Alemania GmbH,HRB,741856,Stuttgart,Gesellschaft mit beschränkter Haftung,50000.0,EUR,16,07,2012,,,,False,Albring 18,78658,Zimmern ob Rottweil
Berecon GmbH,HRB,203598,Walsrode,Gesellschaft mit beschränkter Haftung,25000.0,EUR,21,02,2012,,,,False,Freesendamm 7,28844,Weyhe
Schliemann de Haas GmbH & Co. KG,HRA,114510,Hamburg,Kommanditgesellschaft,,,15,03,2012,,,,False,Kurze Mühren 1,20095,Hamburg
C & S Import-Export GmbH,HRB,708823,Freiburg,Gesellschaft mit beschränkter Haftung,25000.0,EUR,22,08,2012,22,10,2015,False,Gartenstraße 19,78244,Gottmadingen
Ideas Enabled GmbH,HRB,198358,München,Gesellschaft mit beschränkter Haftung,25000.0,EUR,23,04,2012,,,,False,Klenzestraße 14,80469,München
Firmness Security GmbH & Co. KG,HRA,9818,Wiesbaden,Kommanditgesellschaft,,,17,08,2012,26,09,2012,False,Rheinbahnstraße 5,65185,Wiesbaden
Stedman Invest GmbH,HRB,17700,Aachen,Gesellschaft mit beschränkter Haftung,25000.0,EUR,08,08,2012,,,,False,Charlottenburger Allee 27-29,52068,Aachen
PROMOVIA Fünfunddreißigste Verwaltungsgesellschaft mbH,HRB,124945,Hamburg,Gesellschaft mit beschränkter Haftung,25000.0,EUR,24,10,2012,27,03,2013,False,New-York-Ring 13,22297,Hamburg
Akkon Equity GmbH,HRB,74396,Köln,Gesellschaft mit beschränkter Haftung,25000.0,EUR,10,01,2012,,,,False,Aachener Straße 1334,50859,Köln
TREUHAND Lüneburg GmbH Wirtschaftsprüfungsgesellschaft,HRB,204044,Lüneburg,Gesellschaft mit beschränkter Haftung,25200.0,EUR,12,11,2012,,,,False,Häcklinger Weg 66,21335,Lüneburg
Topsfield Medical GmbH,HRB,139800,Berlin (Charlottenburg),Gesellschaft mit beschränkter Haftung,29412.0,EUR,08,02,2012,01,10,2019,False,Salzbrunner Straße 25,14193,Berlin
ALMA Landschaftsbau GmbH,HRB,12940,Bad Oeynhausen,Gesellschaft mit beschränkter Haftung,25000.0,EUR,13,02,2012,,,,False,Clus 96,32423,Minden
MEG Solarfond I UG (haftungsbeschränkt) & Co. KG,HRA,201528,Lüneburg,Kommanditgesellschaft,,,23,01,2012,26,06,2015,False,"c/o maug energies GmbH, Werner-Forßmann-Str. 32",21423,Winsen/Luhe
Mountain Solar 1 UG (haftungsbeschränkt) & Co. KG,HRA,47188,Frankfurt am Main,Kommanditgesellschaft,,,12,11,2012,,,,False,Gärtnerweg 9,60322,Frankfurt am Main
ToNina Reisejournalismus und Naturfotografie GmbH,HRB,44121,Mainz,Gesellschaft mit beschränkter Haftung,25000.0,EUR,26,07,2012,30,09,2019,False,Leiselheimer Straße 15,67551,Worms
Eichenhof Gastronomie und Dienstleistungs GmbH,HRB,728610,Ulm,Gesellschaft mit beschränkter Haftung,25000.0,EUR,04,12,2012,,,,False,Stadionweg 1,73430,Aalen
"""Lagoon Phoenix"" Schiffahrtsgesellschaft mbH & Co. KG",HRA,201433,Aurich,Kommanditgesellschaft,,,17,04,2012,11,10,2018,False,Hafenstraße 6,26789,Leer
Profektra Verwaltungs GmbH,HRB,11508,Würzburg,Gesellschaft mit beschränkter Haftung,25000.0,EUR,25,04,2012,24,01,2014,False,Segelfliegerdamm 89,12487,Berlin
BHW Autoverwertungs GmbH,HRB,23100,Koblenz,Gesellschaft mit beschränkter Haftung,30000.0,EUR,04,05,2012,07,04,2016,False,Bundesstraße 256 Nr. 1,56637,Plaidt
Ardan Handels GmbH,HRB,197152,München,Gesellschaft mit beschränkter Haftung,50000.0,EUR,17,02,2012,26,06,2014,False,Joachimstaler Str. 4,10623,Berlin
DMR-Media UG (haftungsbeschränkt),HRB,12959,Bad Oeynhausen,Gesellschaft mit beschränkter Haftung,99.0,EUR,29,02,2012,,,,False,Königstr. 11 a,32584,Löhne
Kammann Transporte OHG,HRA,704404,Mannheim,Offene Handelsgesellschaft,,,18,07,2012,28,03,2014,False,Scheffelstr. 11,68782,Brühl
flexbuy UG (haftungsbeschränkt),HRB,714788,Mannheim,Gesellschaft mit beschränkter Haftung,1000.0,EUR,19,06,2012,08,03,2016,False,Haidachstr. 30,75181,Pforzheim
Draht-Zorn GmbH & Co. KG,HRA,722929,Ulm,Kommanditgesellschaft,,,28,03,2012,,,,False,Landhausstr. 4,88299,Leutkirch im Allgäu
Finance Hood UG (haftungsbeschränkt),HRB,140306,Berlin (Charlottenburg),Gesellschaft mit beschränkter Haftung,500.0,EUR,29,02,2012,10,11,2016,False,Windsteiner Weg 55b,14165,Berlin
ESTEN Catering GmbH,HRB,11871,Siegburg,Gesellschaft mit beschränkter Haftung,25000.0,EUR,06,02,2012,,,,False,Fahrtenstraße 11,53859,Niederkassel
Hansa Beteiligungs-GmbH,HRB,206384,Oldenburg (Oldenburg),Gesellschaft mit beschränkter Haftung,25000.0,EUR,06,01,2012,,,,False,Knapper Weg 1 a,26169,Friesoythe
IKAR-KIELCE Przedsiebiorstwo Produkcyjno-Uslugowo-Handlowe Sp. z o.o. Zweigniederlassung Ochsenfurt,HRB,11594,Würzburg,Rechtsform ausl. Rechts HRB,,,19,07,2012,29,12,2016,False,Hübnerweg 4,97199,Ochsenfurt
BSA Berlin Verwaltungs GmbH & Co. Immobilien 31 KG,HRA,46336,Berlin (Charlottenburg),Kommanditgesellschaft,,,10,04,2007,21,04,2016,False,Kurfürstendamm 216,10719,Berlin
Schnepper Vermögensverwaltung GmbH & Co. KG,HRA,23533,Wuppertal,Kommanditgesellschaft,,,17,08,2012,,,,False,Gleisdreieck 13,42651,Solingen
REWE Nicolai Kauferstein oHG,HRA,3001,Limburg,Offene Handelsgesellschaft,,,29,08,2012,,,,False,Limburger Straße 39,65604,Elz
Cordts Fleisch-Trading GmbH,HRB,12464 HL,Lübeck,Gesellschaft mit beschränkter Haftung,25000.0,EUR,02,11,2012,10,02,2017,False,Auguststraße 2,23611,Bad Schwartau
DigiOn - Digitale Praxislösungen GmbH,HRB,123285,Hamburg,Gesellschaft mit beschränkter Haftung,25004.0,EUR,07,06,2012,02,04,2019,False,Weidestr. 134,22083,Hamburg
Worldpeople Personalmanagement GmbH,HRB,202174,Aurich,Gesellschaft mit beschränkter Haftung,25000.0,EUR,29,02,2012,,,,False,Mühlenstraße 84 A,26789,Leer
Air International Thermal Systems (DE) GmbH,HRB,94188,Frankfurt am Main,Gesellschaft mit beschränkter Haftung,25000.0,EUR,09,07,2012,,,,False,Amelia-Mary-Earhart-Straße 8,60549,Frankfurt am Main
TERRAG Treuhand GmbH,HRB,23957,Wuppertal,Gesellschaft mit beschränkter Haftung,25000.0,EUR,29,12,2011,,,,False,Nevigeser Str. 25a,42113,Wuppertal
cla.re.fi GmbH,HRB,74924,Köln,Gesellschaft mit beschränkter Haftung,25000.0,EUR,08,03,2012,,,,False,Mittelstraße 12 - 14,50672,Köln
Oilon GmbH,HRB,741331,Stuttgart,Gesellschaft mit beschränkter Haftung,25000.0,EUR,22,05,2012,,,,False,Steinbeisstraße 13,71332,Waiblingen
Lille Snillet GmbH,HRB,714072,Mannheim,Gesellschaft mit beschränkter Haftung,25000.0,EUR,07,03,2012,,,,False,Neckarauer Straße 106 - 116,68163,Mannheim
GTK Ascenda GmbH,HRB,19449,Bonn,Gesellschaft mit beschränkter Haftung,25000.0,EUR,03,07,2012,,,,False,Rolandstraße 67,53179,Bonn
Geistreich Media OHG,HRA,727236,Stuttgart,Offene Handelsgesellschaft,,,03,02,2012,17,04,2015,False,Marienplatz 1,70199,Stuttgart
Mediterran Flair GmbH,HRB,18354,Stendal,Gesellschaft mit beschränkter Haftung,25000.0,EUR,17,07,2012,30,09,2014,False,Brabeckstr.169,30539,Hannover
Auto Zentrum Kronberg GmbH,HRB,8179,Königstein,Gesellschaft mit beschränkter Haftung,25000.0,EUR,16,04,2012,,,,False,Eschborner Straße 6,61476,Kronberg im Taunus
Bugalicious UG (haftungsbeschränkt),HRB,28677,Nürnberg,Gesellschaft mit beschränkter Haftung,1000.0,EUR,08,06,2012,13,12,2018,False,Schornbaumstraße 17,90475,Nürnberg
AREI Haus- und Abwassertechnik GmbH,HRB,77013,Köln,Gesellschaft mit beschränkter Haftung,25000.0,EUR,22,11,2012,,,,False,Boschstraße 62-66,50171,Kerpen
GKM Verwaltungs GmbH,HRB,13778,Krefeld,Gesellschaft mit beschränkter Haftung,25000.0,EUR,25,01,2012,,,,False,Albert-Mooren-Allee 61,47929,Grefrath
"""Hellweg"" Die Profi-Baumärkte GmbH & Co. KG Chemnitz",HRA,7470,Chemnitz,Kommanditgesellschaft,,,03,07,2012,,,,False,Werner-Seelenbinder-Straße 5,09120,Chemnitz
OLAAR GmbH,HRB,742740,Stuttgart,Gesellschaft mit beschränkter Haftung,25000.0,EUR,16,10,2012,,,,False,Tübinger Str. 77/1,70178,Stuttgart
Seher Gerüstbau und Montagen UG (haftungsbeschränkt),HRB,740777,Stuttgart,Gesellschaft mit beschränkter Haftung,1000.0,EUR,27,03,2012,28,11,2012,False,Karl-Marbach-Straße 25,74080,Heilbronn
GLL HR CEE Management GmbH,HRB,198702,München,Gesellschaft mit beschränkter Haftung,25000.0,EUR,10,05,2012,,,,False,Lindwurmstraße 76,80337,München
HBS Hampel Betonsanierung UG (haftungsbeschränkt),HRB,18366,Stendal,Gesellschaft mit beschränkter Haftung,10000.0,EUR,19,07,2012,,,,False,Feldstraße 3,06295,Lutherstadt Eisleben/OT Wolferode
Steinbeis Interagierende Systeme GmbH,HRB,742163,Stuttgart,Gesellschaft mit beschränkter Haftung,25000.0,EUR,15,08,2012,,,,False,Johannes-Kepler-Straße 10,71083,Herrenberg
Matthias Fritz Roeder GmbH,HRB,140966,Berlin (Charlottenburg),Gesellschaft mit beschränkter Haftung,25000.0,EUR,29,03,2012,,,,False,Moorlakeweg 6,14109,Berlin
Pöllnitz UG (haftungsbeschränkt),HRB,28234,Nürnberg,Gesellschaft mit beschränkter Haftung,1000.0,EUR,13,01,2012,11,09,2015,False,Mühlenstraße 19,19205,Gadebusch
smarchive Crowd Pooling UG (haftungsbeschränkt),HRB,201292,München,Gesellschaft mit beschränkter Haftung,4.0,EUR,11,10,2012,,,,False,"Ridlerstr. 57, c/o Gini GmbH",80339,München
Ultima Displays Deutschland GmbH,HRB,62968,Ludwigshafen a.Rhein (Ludwigshafen),Gesellschaft mit beschränkter Haftung,25000.0,EUR,27,02,2012,10,08,2016,False,Schorbachstraße 11,35510,Butzbach
Tara Lima GmbH & Co. KG,HRA,9542,Kempten (Allgäu),Kommanditgesellschaft,,,08,05,2012,08,01,2020,False,Im Weidach 22,87561,Oberstdorf
TOPTEN Vertriebs GmbH,HRB,9167,Hagen,Gesellschaft mit beschränkter Haftung,25000.0,EUR,23,08,2012,,,,False,Sigridstraße 33,58239,Schwerte
PREMIUM Investment I GmbH & Co. KG,HRA,46864,Frankfurt am Main,Kommanditgesellschaft,,,05,04,2012,,,,False,Lindenstraße 15,60325,Frankfurt am Main
Versicherungsbüro Walther UG (haftungsbeschränkt),HRB,13974,Frankfurt/Oder,Gesellschaft mit beschränkter Haftung,300.0,EUR,15,03,2012,28,08,2014,False,Mertensstr. 7,16225,Eberswalde
POWER Services GmbH,HRB,17605,Aachen,Gesellschaft mit beschränkter Haftung,50000.0,DEM,18,06,2012,,,,False,Konrad-Adenauer-Straße 13,52223,Stolberg
LEE Verwaltungs GmbH,HRB,204041,Walsrode,Gesellschaft mit beschränkter Haftung,25570.0,EUR,17,12,2012,07,08,2014,False,Köbens 71,28876,Oyten
NUR-enerji UG (haftungsbeschränkt),HRB,13841,Bochum,Gesellschaft mit beschränkter Haftung,10000.0,EUR,16,03,2012,17,01,2017,False,Courrieresstraße 21 a,44625,Herne
bsc solutions GmbH & Co. KG,HRA,704163,Mannheim,Kommanditgesellschaft,,,09,02,2012,,,,False,Breslauer Straße 1,68799,Reilingen
Wacku GmbH,HRB,124385,Hamburg,Gesellschaft mit beschränkter Haftung,25000.0,EUR,05,09,2012,,,,False,Hohenzollernring 90,22763,Hamburg
GfA UG (haftungsbeschränkt),HRB,8210,Königstein,Gesellschaft mit beschränkter Haftung,1000.0,EUR,30,05,2012,,,,False,Friedrich-Ebert-Straße 1a,65824,Schwalbach am Taunus
Schrader Straube Siebert Foren-Betriebs UG (haftungsbeschränkt),HRB,209162,Hannover,Gesellschaft mit beschränkter Haftung,300.0,EUR,19,11,2012,30,05,2016,False,Podbielskistraße 33,30163,Hannover
RM-Personalrecruiting GmbH,HRB,198031,München,Gesellschaft mit beschränkter Haftung,25000.0,EUR,05,04,2012,,,,False,Agnesstraße 1,80801,München
SolEnergi Zschornewitz Komplementär GmbH,HRB,9354 FL,Flensburg,Gesellschaft mit beschränkter Haftung,25000.0,EUR,02,04,2012,26,02,2016,False,Am Oxer 7,24955,Harrislee
H-E-E-G Montage und Service UG (haftungsbeschränkt),HRB,76046,Köln,Gesellschaft mit beschränkter Haftung,500.0,EUR,25,07,2012,22,08,2017,False,Waldstraße 122,50189,Elsdorf
PRO DIAKO Service GmbH,HRB,203521,Walsrode,Gesellschaft mit beschränkter Haftung,25000.0,EUR,17,01,2012,04,02,2014,False,Ginnheimer Landstraße 94,60487,Frankfurt am Main
GRÜNFELD Verwaltungsgesellschaft mbH,HRB,202143,Aurich,Gesellschaft mit beschränkter Haftung,25000.0,EUR,07,02,2012,,,,False,Am Wattenmeer 4,26427,Bensersiel
Gnezdilov Unternehmergesellschaft (haftungsbeschränkt),HRB,13918,Coesfeld,Gesellschaft mit beschränkter Haftung,1000.0,EUR,13,06,2012,03,06,2015,False,Wierlings Esch 33 a,48249,Dülmen
Keller GmbH,HRB,17518,Aachen,Gesellschaft mit beschränkter Haftung,200000.0,EUR,17,04,2012,,,,False,Carl-Zeiss-Straße 22,52477,Alsdorf
Polzin GmbH,HRB,740271,Stuttgart,Gesellschaft mit beschränkter Haftung,25000.0,EUR,09,02,2012,,,,False,Amstetter Straße 4,70329,Stuttgart
Rundum Gebäude Service GmbH & Co. KG,HRA,3947,Bayreuth,Kommanditgesellschaft,,,25,05,2012,,,,False,Nürnberger Str. 38,95448,Bayreuth
WEINERY oHG,HRA,114337,Hamburg,Offene Handelsgesellschaft,,,09,02,2012,,,,False,Barkhausenweg 7,22339,Hamburg
Lippetor Gastronomie UG (haftungsbeschränkt),HRB,11510,Gelsenkirchen,Gesellschaft mit beschränkter Haftung,2500.0,EUR,16,04,2012,,,,False,Lippestraße 39,46282,Dorsten
Wunderboxen Verwaltungsgesellschaft mbH,HRB,124905,Hamburg,Gesellschaft mit beschränkter Haftung,25000.0,EUR,22,10,2012,12,09,2016,False,Christian-August-Weg 1a,22587,Hamburg
Grieger Beteiligungs GmbH,HRB,727980,Ulm,Gesellschaft mit beschränkter Haftung,50000.0,EUR,11,06,2012,,,,False,Am Bildstock 18/3,88085,Langenargen
BD BlueSystems Verwaltungs-GmbH,HRB,207340,Oldenburg (Oldenburg),Gesellschaft mit beschränkter Haftung,25000.0,EUR,10,12,2012,,,,False,Auf der Lage 2,49377,Vechta-Calveslage
RP Reuter GmbH & Co. KG Unternehmensberatung,HRA,704332,Mannheim,Kommanditgesellschaft,,,06,06,2012,15,10,2018,False,Hauptstraße 47,68789,St. Leon-Rot
PBH GmbH,HRB,100396,Saarbrücken,Gesellschaft mit beschränkter Haftung,25000.0,EUR,01,08,2012,,,,False,Im Scheuergarten 20,66125,Saarbrücken
ImmerGrünFinanz und Immobilieninvestment GmbH,HRB,141519,Berlin (Charlottenburg),Gesellschaft mit beschränkter Haftung,25000.0,EUR,27,04,2012,,,,False,Charlottenbrunner Straße 10,14193,Berlin
Trendsys Consulting GmbH,HRB,200354,München,Gesellschaft mit beschränkter Haftung,25000.0,EUR,14,08,2012,,,,False,Nördliche Münchner Str. 14a,82031,Grünwald
Maynert Concepts UG (haftungsbeschränkt),HRB,19349,Bonn,Gesellschaft mit beschränkter Haftung,3000.0,EUR,11,05,2012,,,,False,Richard-Wagner-Str. 2,53115,Bonn
Eldorado Spielothek Casino GmbH,HRB,91371,Darmstadt,Gesellschaft mit beschränkter Haftung,25000.0,EUR,21,08,2012,30,09,2015,False,Hans-Dorr-Allee 1,65474,Bischofsheim
KB Immobilien UG (haftungsbeschränkt),HRB,123874,Hamburg,Gesellschaft mit beschränkter Haftung,1000.0,EUR,24,07,2012,06,11,2019,False,Nordkanalstraße 52,20097,Hamburg
NSU Service UG (haftungsbeschränkt),HRB,203590,Walsrode,Gesellschaft mit beschränkter Haftung,1000.0,EUR,17,02,2012,04,02,2014,False,Vimbucher Straße 56,77815,Bühl
Sunrise Projektentwicklungsgesellschaft UG (haftungsbeschränkt),HRB,714400,Mannheim,Gesellschaft mit beschränkter Haftung,1000.0,EUR,20,04,2012,10,01,2020,False,Breite Straße 159,76135,Karlsruhe
US Engineering Deutschland GmbH,HRB,11069,Schwerin,Gesellschaft mit beschränkter Haftung,25000.0,EUR,26,01,2012,20,04,2012,False,Ahornweg 51,19069,Seehof
UWE AMMANN Fashion UG (haftungsbeschränkt),HRB,11563,Gelsenkirchen,Gesellschaft mit beschränkter Haftung,1000.0,EUR,29,05,2012,03,12,2015,False,Arminstraße 15,45879,Gelsenkirchen
SIGNA Development Deutschland AG,HRB,199208,München,Aktiengesellschaft,50000.0,EUR,11,06,2012,17,07,2014,False,Maximiliansplatz 12,80333,München
Prima Zerlegung GmbH,HRB,40780,Bielefeld,Gesellschaft mit beschränkter Haftung,25000.0,EUR,31,07,2012,27,12,2012,False,Otto-Brenner-Str. 209,33604,Bielefeld
Mega Einkaufszentrum Schleusingen Verwaltungs GmbH,HRB,508554,Jena,Gesellschaft mit beschränkter Haftung,25000.0,EUR,05,12,2012,,,,False,Suhler Straße 32,98553,Schleusingen
Grend-Gastro UG (haftungsbeschränkt),HRB,23786,Essen,Gesellschaft mit beschränkter Haftung,500.0,EUR,03,04,2012,,,,False,Westfalenstraße 311,45276,Essen
Modehaus Hoenen GmbH,HRB,5065,Kleve,Gesellschaft mit beschränkter Haftung,280000.0,DEM,08,12,2004,11,04,2012,False,Niederrheinallee 322,47506,Neukirchen-Vluyn
Kröpeliner Solarmontage GmbH,HRB,12325,Rostock,Gesellschaft mit beschränkter Haftung,25000.0,EUR,18,07,2012,,,,False,Brusower Chaussee 1,18236,Kröpelin
Bohnen & Mies Grundstücksverwaltungs-GmbH,HRB,6421,Düren,Gesellschaft mit beschränkter Haftung,25000.0,EUR,09,10,2012,13,11,2018,False,Kommstraße 34,53949,Dahlem-Schmidtheim
Möbelstudio Harrislee UG (haftungsbeschränkt),HRB,9545 FL,Flensburg,Gesellschaft mit beschränkter Haftung,500.0,EUR,02,08,2012,,,,False,Zur Kupfermühle 3,24955,Harrislee
KUMAvision GmbH,HRB,15105,Memmingen,Gesellschaft mit beschränkter Haftung,26000.0,EUR,15,06,2012,,,,False,Hemmerlestraße 4 b,87700,Memmingen
BGF Beratungsgesellschaft mbH,HRB,24542,Duisburg,Gesellschaft mit beschränkter Haftung,25000.0,EUR,01,06,2012,,,,False,Spessartweg 11,47198,Duisburg
Kozlowski Bauwerk GmbH,HRB,715136,Mannheim,Gesellschaft mit beschränkter Haftung,25000.0,EUR,10,08,2012,,,,False,Friedrichsplatz 19,68165,Mannheim
ONLYGLASS GMBH,HRB,203730,Walsrode,Gesellschaft mit beschränkter Haftung,25000.0,EUR,22,05,2012,,,,False,Siemensstraße 15 - 17,27283,Verden
German Wealth Planning Solutions GmbH,HRB,124879,Hamburg,Gesellschaft mit beschränkter Haftung,25000.0,EUR,18,10,2012,,,,False,Am Karpfenteich 14,22339,Hamburg
MVZ Kreuztal-Kredenbach GmbH,HRB,9719,Siegen,Gesellschaft mit beschränkter Haftung,25000.0,EUR,18,01,2012,,,,False,Dr.Stelbrink-Str. 47,57223,Kreuztal
Manuko UG (haftungsbeschränkt),HRB,121861,Hamburg,Gesellschaft mit beschränkter Haftung,1500.0,EUR,13,02,2012,02,12,2016,False,Winterhuder Weg 29,22085,Hamburg
Stadtwerk am See Verwaltungs GmbH,HRB,708312,Freiburg,Gesellschaft mit beschränkter Haftung,25000.0,EUR,26,04,2012,,,,False,Kurt-Wilde-Straße 10,88662,Überlingen
Hans Schwer Baustoffhandel GmbH,HRB,203281,Tostedt,Gesellschaft mit beschränkter Haftung,50000.0,DEM,08,02,2012,09,10,2012,False,Mühlenweg 48,21683,Stade/Bützfleth
Desay SV Automotive Europe GmbH,HRB,46187,Offenbach am Main,Gesellschaft mit beschränkter Haftung,500000.0,EUR,30,03,2012,08,08,2012,False,Am Glockenturm 6,63814,Mainaschaff
Europe SAN GmbH,HRB,74743,Köln,Gesellschaft mit beschränkter Haftung,25000.0,EUR,14,02,2012,,,,False,Kauler Straße 5,51429,Bergisch Gladbach
tv square GmbH,HRB,95169,Frankfurt am Main,Gesellschaft mit beschränkter Haftung,25000.0,EUR,16,11,2012,,,,False,Kirburger Weg 7b,50767,Köln
Augenschmaus UG (haftungsbeschränkt),HRB,145494,Berlin (Charlottenburg),Gesellschaft mit beschränkter Haftung,100.0,EUR,29,10,2012,,,,False,Emser Straße 62,12051,Berlin
boutique of house GmbH,HRB,13723,Bochum,Gesellschaft mit beschränkter Haftung,25000.0,EUR,29,12,2011,18,07,2016,False,Fahrenheitstr. 54,44879,Bochum
HTB Immobilienportfolio II geschlossene Investment UG (haftungsbeschränkt) & Co. KG,HRA,26191 HB,Bremen,Kommanditgesellschaft,,,29,05,2012,25,11,2015,False,Deichstraße 1,28203,Bremen
FINANCE & STRATEGY CAPITAL UG (haftungsbeschränkt),HRB,25812,Potsdam,Gesellschaft mit beschränkter Haftung,2000.0,EUR,10,12,2012,,,,False,Iserstraße 8-10,14513,Teltow
Daco Systems Deutschland GmbH,HRB,141055,Berlin (Charlottenburg),Gesellschaft mit beschränkter Haftung,25000.0,EUR,25,06,2009,08,12,2015,False,Mahonienweg 77 a,12437,Berlin
Rautenschlein Fonds GmbH,HRB,203725,Braunschweig,Gesellschaft mit beschränkter Haftung,25000.0,EUR,20,08,2012,01,10,2018,False,Hötensleber Straße 49,38364,Schöningen
Efessos UG (haftungsbeschränkt),HRB,203054,Hildesheim,Gesellschaft mit beschränkter Haftung,300.0,EUR,17,07,2012,,,,False,Elise-Borsum-Straße 14a,31319,Sehnde
JRH Wirtschaftstreuhand GmbH & Co. KG Steuerberatungsgesellschaft,HRA,727173,Stuttgart,Kommanditgesellschaft,,,18,01,2012,,,,False,Oberer Metzgerbach 30,73728,Esslingen am Neckar
TS Brandschutz GmbH,HRB,24276,Essen,Gesellschaft mit beschränkter Haftung,25500.0,EUR,07,12,2012,,,,False,Zeche Ernestine 8,45141,Essen
Darwin Development Company GmbH,HRB,10047,Arnsberg,Gesellschaft mit beschränkter Haftung,26000.0,EUR,12,07,2012,,,,False,Weststraße 6,59457,Werl
TKD GmbH,HRB,74507,Köln,Gesellschaft mit beschränkter Haftung,25000.0,EUR,19,01,2012,,,,False,Georg-Schaeffler-Straße 6,42499,Hückeswagen
TARXON Grundstücks-Vermietungsgesellschaft mbH & Co. Objekt Rosenberg OHG,HRA,98538,München,Offene Handelsgesellschaft,,,09,02,2012,,,,False,Emil-Riedl-Weg 6,82049,Pullach i. Isartal
Dümler UG (haftungsbeschränkt),HRB,12145,Aschaffenburg,Gesellschaft mit beschränkter Haftung,2500.0,EUR,03,08,2012,,,,False,Eichenbühler Straße 47,63897,Miltenberg
H-W Immobilien GmbH & Co. KG,HRA,6764,Bochum,Kommanditgesellschaft,,,17,02,2012,,,,False,Berthastr. 6,44793,Bochum
MGF Metallguss Finsterwalde GmbH,HRB,9118,Cottbus,Gesellschaft mit beschränkter Haftung,55000.0,EUR,23,11,2011,,,,False,Am Holländer 15,03238,Finsterwalde
Value Connect GmbH,HRB,139844,Berlin (Charlottenburg),Gesellschaft mit beschränkter Haftung,25000.0,EUR,01,10,2009,06,02,2018,False,Schlossstraße 68,12165,Berlin
Sammlerwelt GmbH,HRB,208417,Hannover,Gesellschaft mit beschränkter Haftung,250000.0,EUR,17,04,2012,,,,False,Platinweg 14,30823,Garbsen
infraVest Asset GmbH,HRB,28241 HB,Bremen,Gesellschaft mit beschränkter Haftung,50000.0,EUR,22,11,2012,,,,False,Lise-Meitner-Straße 5,28359,Bremen
RST Industriemontageservice GmbH,HRB,11604,Gelsenkirchen,Gesellschaft mit beschränkter Haftung,25000.0,EUR,25,06,2012,22,07,2013,False,Dessauerstraße 24,45886,Gelsenkirchen
Aktiva Hanse Beratung im Gesundheitswesen GmbH,HRB,17543,Aachen,Gesellschaft mit beschränkter Haftung,25000.0,EUR,04,05,2012,12,03,2013,False,Volksdorfer Weg 175 a,22393,Hamburg
BW Projektentwicklungs GmbH & Co. KG,HRA,704303,Mannheim,Kommanditgesellschaft,,,14,05,2012,,,,False,Kehlweg 9,69198,Schriesheim
Heppner & Sokolowski GmbH,HRB,6810,Recklinghausen,Gesellschaft mit beschränkter Haftung,26000.0,EUR,21,08,2012,20,12,2016,False,Gottlieb-Daimler-Straße 7,45711,Datteln
Zulu PV oHG,HRA,26384 HB,Bremen,Offene Handelsgesellschaft,,,22,11,2012,,,,False,Lise-Meitner-Str. 2,28359,Bremen
Mercsworld Verwaltungs-GmbH,HRB,740180,Stuttgart,Gesellschaft mit beschränkter Haftung,25000.0,EUR,31,01,2012,,,,False,Nüßstraße 3 a,71065,Sindelfingen
Europäische wirtschaftliche Interessenvereinigung der Sachverständigen EEG EWIV,HRA,7369,Chemnitz,Europäische wirtschaftliche Interessenvereinigung,,,16,03,2012,,,,False,Schulstraße 38,09125,Chemnitz
Europa Verlag Ges. m.b.H. & Co. KG,HRA,99683,München,Kommanditgesellschaft,,,11,10,2012,,,,False,Theresienstraße 16,80333,München
ERS Schiffahrts UG (haftungsbeschränkt) & Co. KG,,,,Kommanditgesellschaft,,,21,02,2006,,,,False,Emsstraße 44,49733,Haren
VCM Private Equity Portfolio GmbH & Co. KG IV,HRA,29193,Köln,Kommanditgesellschaft,,,05,07,2012,,,,False,Gereonshof 12,50670,Köln
Boysen Verwaltungs GmbH,HRB,9224 FL,Flensburg,Gesellschaft mit beschränkter Haftung,25000.0,EUR,10,01,2012,,,,False,Silwai 1,25980,Sylt OT Tinnum
TSHS GmbH,HRB,12135,Rostock,Gesellschaft mit beschränkter Haftung,25000.0,EUR,31,01,2012,,,,False,Molkereistr. 1,18184,Thulendorf
Verwaltung MS Barbara P GmbH,HRB,203567,Tostedt,Gesellschaft mit beschränkter Haftung,25000.0,EUR,06,09,2012,,,,False,Elbinsel Krautsand 20,21706,Drochtersen
COMSTAR BAU GmbH,HRB,100112,Saarbrücken,Gesellschaft mit beschränkter Haftung,25000.0,EUR,13,03,2012,16,12,2013,False,Provinzialstr. 108 a,66740,Saarlouis
Festus Licensing UG (haftungsbeschränkt),HRB,145645,Berlin (Charlottenburg),Gesellschaft mit beschränkter Haftung,4000.0,EUR,05,11,2012,27,08,2019,False,Alexandrinenstraße 1 A,10969,Berlin
rankseller International GmbH,HRB,139065,Berlin (Charlottenburg),Gesellschaft mit beschränkter Haftung,25000.0,EUR,06,01,2012,18,09,2013,False,Minoritenstraße 7,50667,Köln
CONTENTCOACHING GmbH,HRB,13592,Münster,Gesellschaft mit beschränkter Haftung,25000.0,EUR,03,01,2012,23,05,2016,False,Dorffeldstraße 1b,48161,Münster
pbb GmbH pflegen-beraten-betreuen,HRB,8562,Passau,Gesellschaft mit beschränkter Haftung,25000.0,EUR,15,06,2012,,,,False,Hauptstraße 2,94124,Büchlberg
Optik Philippe Lafont GmbH,HRB,100091,Saarbrücken,Gesellschaft mit beschränkter Haftung,100000.0,DEM,01,03,2012,,,,False,St. Johanner Str. 41 - 43,66111,Saarbrücken
LZ Beteiligungs GmbH,HRB,728006,Ulm,Gesellschaft mit beschränkter Haftung,25000.0,EUR,14,06,2012,,,,False,Schulze-Delitzsch-Weg 16,89079,Ulm
WAGO - Wagner & Gottinger Gebäudetechnik GmbH,HRB,8515,Passau,Gesellschaft mit beschränkter Haftung,25020.0,EUR,11,04,2012,,,,False,Schulstraße 8,94034,Passau
IHM - Institute for Heritage Management GmbH,HRB,9175,Cottbus,Gesellschaft mit beschränkter Haftung,25008.0,EUR,21,03,2012,,,,False,Straße der Jugend 107,03046,Cottbus
Handelsgesellschaft Lara mbH,HRB,11891 HL,Lübeck,Gesellschaft mit beschränkter Haftung,25000.0,EUR,09,03,2012,,,,False,Rose 2,23570,Lübeck-Travemünde
Zukunftswege UG (haftungsbeschränkt),HRB,9673,Neuruppin,Gesellschaft mit beschränkter Haftung,500.0,EUR,17,07,2012,,,,False,Karl-Marx-Straße 50,16816,Neuruppin
Buss Projekt Vorrat 7 GmbH,HRB,121439,Hamburg,Gesellschaft mit beschränkter Haftung,25000.0,EUR,16,01,2012,18,06,2013,False,Am Sandtorkai 48,20457,Hamburg
Karsten Twietmeyer Verwaltungs GmbH,HRB,8243,Königstein,Gesellschaft mit beschränkter Haftung,25000.0,EUR,17,07,2012,,,,False,Königsteiner Straße 83,65812,Bad Soden am Taunus
BAR Buhck Verwaltung GmbH,HRB,121749,Hamburg,Gesellschaft mit beschränkter Haftung,25000.0,EUR,06,02,2012,,,,False,Billbrookdeich 9-11,22113,Hamburg
PBR Verwaltungs GmbH,HRB,8546,Passau,Gesellschaft mit beschränkter Haftung,25000.0,EUR,31,05,2012,,,,False,Siedlungstraße 12,94130,Obernzell
F. M. Autohandel Falkiewicz GmbH,HRB,9609,Neuruppin,Gesellschaft mit beschränkter Haftung,25000.0,EUR,19,12,2011,12,02,2014,False,Zum Stichkanal 1a,16727,Velten
Schneider Bau- und Möbeltischlerei UG (haftungsbeschränkt),HRB,19572,Bonn,Gesellschaft mit beschränkter Haftung,300.0,EUR,04,09,2012,07,12,2017,False,"c/o Franz Peter Schneider, Frauenberger Str. 166",53879,Euskirchen
Trachtsetter GmbH,HRB,198419,München,Gesellschaft mit beschränkter Haftung,25000.0,EUR,25,04,2012,,,,False,Starnberger Wiese 16,82319,Starnberg
M.S. Verwaltungs UG (haftungsbeschränkt),HRB,12008,Aschaffenburg,Gesellschaft mit beschränkter Haftung,100.0,EUR,28,03,2012,13,03,2018,False,Taubendelle 12,63874,Dammbach
WPT GmbH,HRB,206583,Osnabrück,Gesellschaft mit beschränkter Haftung,25000.0,EUR,07,09,2012,,,,False,Clemens-August-Str. 56,49751,Sögel
Brink-Logistik UG (haftungsbeschränkt),HRB,10740,Paderborn,Gesellschaft mit beschränkter Haftung,1000.0,EUR,26,07,2012,28,05,2019,False,Lambertweg 21,59556,Lippstadt
Averhoff Living GmbH & Co. KG,HRA,115624,Hamburg,Kommanditgesellschaft,,,27,12,2012,19,06,2017,False,Große Elbstraße 58,22767,Hamburg
GTI STRAUSS GmbH,HRB,124123,Hamburg,Gesellschaft mit beschränkter Haftung,25000.0,EUR,16,08,2012,17,10,2018,False,Haferweg 30 a,22769,Hamburg
Paulo Unternehmergesellschaft (haftungsbeschränkt),HRB,11713,Kleve,Gesellschaft mit beschränkter Haftung,500.0,EUR,28,08,2012,30,08,2014,False,Triftstraße 18,47533,Kleve
ST 77-Julian GmbH,HRB,15137,Memmingen,Gesellschaft mit beschränkter Haftung,25000.0,EUR,03,07,2012,12,03,2013,False,Kronengasse 5,89073,Ulm
HYDAC Verwaltung GmbH,HRB,19999,Saarbrücken,Gesellschaft mit beschränkter Haftung,250000.0,EUR,19,01,2012,,,,False,Industriestraße,66280,Sulzbach/Saar
Stilgut GmbH,HRB,139282,Berlin (Charlottenburg),Gesellschaft mit beschränkter Haftung,25000.0,EUR,16,01,2012,,,,False,Stresemannstraße 121 A,10963,Berlin
Grundstücksgesellschaft Marktstraße 140 mbH,HRB,124877,Hamburg,Gesellschaft mit beschränkter Haftung,25000.0,EUR,18,10,2012,,,,False,Dornbusch 4,20095,Hamburg
A - J Mesch Handelsvertretung UG (haftungsbeschränkt),HRB,508498,Jena,Gesellschaft mit beschränkter Haftung,500.0,EUR,15,11,2012,,,,False,Werrchenwiese 3,99610,Sömmerda
PPL Phoenix Parts & Logistics GmbH,HRB,24404,Duisburg,Gesellschaft mit beschränkter Haftung,25000.0,EUR,10,04,2012,30,09,2016,False,Im Eichenstock 6,74199,Unterheinriet
Kirchmann GmbH,HRB,68366,Düsseldorf,Gesellschaft mit beschränkter Haftung,30000.0,EUR,31,07,2012,,,,False,Hasselbecker Straße 4,40882,Ratingen
CUTTY Gesellschaft für Medien und Software mit beschränkter Haftung,HRB,708555,Freiburg,Gesellschaft mit beschränkter Haftung,50000.0,DEM,28,06,2012,19,12,2016,False,Kartäuserstraße 53A,79102,Freiburg im Breisgau
Monopol Textilhandels GmbH,HRB,12176,Aschaffenburg,Gesellschaft mit beschränkter Haftung,50000.0,EUR,31,08,2012,,,,False,Obernauer Straße 125,63743,Aschaffenburg
Green Tower II Beteiligungs-GmbH,HRB,12244,Rostock,Gesellschaft mit beschränkter Haftung,25000.0,EUR,16,05,2012,16,08,2017,False,Schweriner Straße 85,18273,Güstrow
aloe-cosmetics UG (haftungsbeschränkt),HRB,28281,Leipzig,Gesellschaft mit beschränkter Haftung,500.0,EUR,29,05,2012,14,02,2019,False,An der Muldenwiese 13,04703,Leisnig
Biogas Straußfurt GmbH & Co. KG,HRA,502752,Jena,Kommanditgesellschaft,,,30,07,2012,09,03,2015,False,Bahnhofstraße 13,99634,Straußfurt
Walter & Gallus GmbH,HRB,11291,Kleve,Gesellschaft mit beschränkter Haftung,25000.0,EUR,30,12,2011,07,02,2018,False,Traarer Straße 38,47239,Duisburg
TapeTec UG (haftungsbeschränkt),HRB,12327,Bad Homburg v.d.H.,Gesellschaft mit beschränkter Haftung,3000.0,EUR,29,06,2012,25,06,2014,False,Hauptstraße 15,61250,Usingen
PGE Italien GmbH & Co. KG,HRA,8617,Regensburg,Kommanditgesellschaft,,,02,04,2012,04,01,2017,False,Galgenbergstr. 15,93053,Regensburg
Direkt-Job Arbeitsvermittlung M. Rost UG (haftungsbeschränkt),HRB,742270,Stuttgart,Gesellschaft mit beschränkter Haftung,1000.0,EUR,24,08,2012,27,06,2016,False,Berliner Straße 5,71686,Remseck am Neckar
Architekturbüro Bosch GmbH,HRB,740533,Stuttgart,Gesellschaft mit beschränkter Haftung,25000.0,EUR,05,03,2012,,,,False,Bei den Weiden 1,71686,Remseck am Neckar
Gutenberg Immobilien GmbH & Co. KG,HRA,6419,Steinfurt,Kommanditgesellschaft,,,05,12,2012,,,,False,Westumer Landstraße 49 a,48282,Emsdetten
Sunrise Reisen GmbH,HRB,121543,Hamburg,Gesellschaft mit beschränkter Haftung,25000.0,EUR,20,01,2012,23,05,2013,False,Boulevard 9,33613,Bielefeld
Autohaus Wenden GmbH,HRB,203558,Braunschweig,Gesellschaft mit beschränkter Haftung,25000.0,EUR,08,05,2012,,,,False,Im Steinkampe 16,38110,Braunschweig
BECOMA GmbH,HRB,74511,Köln,Gesellschaft mit beschränkter Haftung,25000.0,EUR,20,01,2012,17,12,2014,False,Im Zollhafen 24,50678,Köln
Haarstudio Carat UG (haftungsbeschränkt),HRB,18471,Stendal,Gesellschaft mit beschränkter Haftung,8000.0,EUR,16,08,2012,19,07,2019,False,Am Gallun 1 a,06889,Lutherstadt Wittenberg
EEG Europium Energie Gesellschaft mbH,HRB,26901,Augsburg,Gesellschaft mit beschränkter Haftung,25000.0,EUR,16,03,2012,,,,False,Zankenhausener Straße 6,82279,Eching am Ammersee
Koiwerk GmbH,HRB,24033,Essen,Gesellschaft mit beschränkter Haftung,25000.0,EUR,27,07,2012,,,,False,Mittelstraße 27,45549,Sprockhövel
Graeftec GmbH & Co. KG,HRA,29570,Köln,Kommanditgesellschaft,,,18,12,2012,,,,False,Kurt-Weill-Weg 21 - 25,50829,Köln
Baldsiefen Steuerberatungsgesellschaft mbH,HRB,74476,Köln,Gesellschaft mit beschränkter Haftung,30000.0,EUR,18,01,2012,,,,False,Fritz-Volbach-Straße 2c,51688,Wipperfürth
Hunger Film UG (haftungsbeschränkt),HRB,140756,Berlin (Charlottenburg),Gesellschaft mit beschränkter Haftung,2.0,EUR,21,03,2012,18,09,2017,False,Gartenstraße 115,10115,Berlin
Voltech Plan UG (haftungsbeschränkt),HRB,7347,Bamberg,Gesellschaft mit beschränkter Haftung,6000.0,EUR,22,06,2012,,,,False,Industriestraße 23,97437,Haßfurt
cu fashion Verwaltungs-GmbH,HRB,11474,Würzburg,Gesellschaft mit beschränkter Haftung,25000.0,EUR,27,03,2012,,,,False,Mainleite 74,97340,Marktbreit
BonusConsult GmbH,HRB,196980,München,Gesellschaft mit beschränkter Haftung,25000.0,EUR,08,02,2012,,,,False,Nymphenburger Str. 122,80636,München
fonds [id] Projekt-Beteiligungen GmbH,HRB,140241,Berlin (Charlottenburg),Gesellschaft mit beschränkter Haftung,25000.0,EUR,27,02,2012,,,,False,Mauerstraße 83-84,10117,Berlin
Assetando Capital GmbH,HRB,122740,Hamburg,Gesellschaft mit beschränkter Haftung,100000.0,EUR,23,04,2012,,,,False,"Hower Brack 43, c/o Matthias Voss",21037,Hamburg
ISAEV GmbH,HRB,10008 PI,Pinneberg,Gesellschaft mit beschränkter Haftung,25000.0,EUR,25,01,2011,06,11,2012,False,Spaldingstraße 210,20097,Hamburg